Experiment Name:,Exp_20260817_Mitotracker_KO.OE.c

Tube Name:,Sample ID:,All Events ,Cell size Events,Hoechst Events,medium Mito Events,low Mito Events,High Mito Events,Polyploid Events,All Events  % Total,Cell size % Total,Hoechst % Total,medium Mito % Total,low Mito % Total,High Mito % Total,Polyploid % Total,All Events  % Parent,Cell size % Parent,Hoechst % Parent,medium Mito % Parent,low Mito % Parent,High Mito % Parent,Polyploid % Parent,All Events  Mean FSC-A,Cell size Mean FSC-A,Hoechst Mean FSC-A,medium Mito Mean FSC-A,low Mito Mean FSC-A,High Mito Mean FSC-A,Polyploid Mean FSC-A,All Events  Mean SSC-A,Cell size Mean SSC-A,Hoechst Mean SSC-A,medium Mito Mean SSC-A,low Mito Mean SSC-A,High Mito Mean SSC-A,Polyploid Mean SSC-A,All Events  Mean FITC-A,Cell size Mean FITC-A,Hoechst Mean FITC-A,medium Mito Mean FITC-A,low Mito Mean FITC-A,High Mito Mean FITC-A,Polyploid Mean FITC-A,All Events  Mean PerCP-A,Cell size Mean PerCP-A,Hoechst Mean PerCP-A,medium Mito Mean PerCP-A,low Mito Mean PerCP-A,High Mito Mean PerCP-A,Polyploid Mean PerCP-A,All Events  Mean APC-A,Cell size Mean APC-A,Hoechst Mean APC-A,medium Mito Mean APC-A,low Mito Mean APC-A,High Mito Mean APC-A,Polyploid Mean APC-A,All Events  Mean APC-A700-A,Cell size Mean APC-A700-A,Hoechst Mean APC-A700-A,medium Mito Mean APC-A700-A,low Mito Mean APC-A700-A,High Mito Mean APC-A700-A,Polyploid Mean APC-A700-A,All Events  Mean APC-Cy7-A,Cell size Mean APC-Cy7-A,Hoechst Mean APC-Cy7-A,medium Mito Mean APC-Cy7-A,low Mito Mean APC-Cy7-A,High Mito Mean APC-Cy7-A,Polyploid Mean APC-Cy7-A,All Events  Mean PB450-A,Cell size Mean PB450-A,Hoechst Mean PB450-A,medium Mito Mean PB450-A,low Mito Mean PB450-A,High Mito Mean PB450-A,Polyploid Mean PB450-A,All Events  Mean BV510-A,Cell size Mean BV510-A,Hoechst Mean BV510-A,medium Mito Mean BV510-A,low Mito Mean BV510-A,High Mito Mean BV510-A,Polyploid Mean BV510-A,All Events  Mean Violet610-A,Cell size Mean Violet610-A,Hoechst Mean Violet610-A,medium Mito Mean Violet610-A,low Mito Mean Violet610-A,High Mito Mean Violet610-A,Polyploid Mean Violet610-A,All Events  Mean BV650-A,Cell size Mean BV650-A,Hoechst Mean BV650-A,medium Mito Mean BV650-A,low Mito Mean BV650-A,High Mito Mean BV650-A,Polyploid Mean BV650-A,All Events  Mean PE-A,Cell size Mean PE-A,Hoechst Mean PE-A,medium Mito Mean PE-A,low Mito Mean PE-A,High Mito Mean PE-A,Polyploid Mean PE-A,All Events  Mean ECD-A,Cell size Mean ECD-A,Hoechst Mean ECD-A,medium Mito Mean ECD-A,low Mito Mean ECD-A,High Mito Mean ECD-A,Polyploid Mean ECD-A,All Events  Mean PC5.5-A,Cell size Mean PC5.5-A,Hoechst Mean PC5.5-A,medium Mito Mean PC5.5-A,low Mito Mean PC5.5-A,High Mito Mean PC5.5-A,Polyploid Mean PC5.5-A,All Events  Mean PC7-A,Cell size Mean PC7-A,Hoechst Mean PC7-A,medium Mito Mean PC7-A,low Mito Mean PC7-A,High Mito Mean PC7-A,Polyploid Mean PC7-A,All Events  Mean FSC-Width,Cell size Mean FSC-Width,Hoechst Mean FSC-Width,medium Mito Mean FSC-Width,low Mito Mean FSC-Width,High Mito Mean FSC-Width,Polyploid Mean FSC-Width,All Events  Mean Time,Cell size Mean Time,Hoechst Mean Time,medium Mito Mean Time,low Mito Mean Time,High Mito Mean Time,Polyploid Mean Time,All Events  CV FSC-A,Cell size CV FSC-A,Hoechst CV FSC-A,medium Mito CV FSC-A,low Mito CV FSC-A,High Mito CV FSC-A,Polyploid CV FSC-A,All Events  CV SSC-A,Cell size CV SSC-A,Hoechst CV SSC-A,medium Mito CV SSC-A,low Mito CV SSC-A,High Mito CV SSC-A,Polyploid CV SSC-A,All Events  CV FITC-A,Cell size CV FITC-A,Hoechst CV FITC-A,medium Mito CV FITC-A,low Mito CV FITC-A,High Mito CV FITC-A,Polyploid CV FITC-A,All Events  CV PerCP-A,Cell size CV PerCP-A,Hoechst CV PerCP-A,medium Mito CV PerCP-A,low Mito CV PerCP-A,High Mito CV PerCP-A,Polyploid CV PerCP-A,All Events  CV APC-A,Cell size CV APC-A,Hoechst CV APC-A,medium Mito CV APC-A,low Mito CV APC-A,High Mito CV APC-A,Polyploid CV APC-A,All Events  CV APC-A700-A,Cell size CV APC-A700-A,Hoechst CV APC-A700-A,medium Mito CV APC-A700-A,low Mito CV APC-A700-A,High Mito CV APC-A700-A,Polyploid CV APC-A700-A,All Events  CV APC-Cy7-A,Cell size CV APC-Cy7-A,Hoechst CV APC-Cy7-A,medium Mito CV APC-Cy7-A,low Mito CV APC-Cy7-A,High Mito CV APC-Cy7-A,Polyploid CV APC-Cy7-A,All Events  CV PB450-A,Cell size CV PB450-A,Hoechst CV PB450-A,medium Mito CV PB450-A,low Mito CV PB450-A,High Mito CV PB450-A,Polyploid CV PB450-A,All Events  CV BV510-A,Cell size CV BV510-A,Hoechst CV BV510-A,medium Mito CV BV510-A,low Mito CV BV510-A,High Mito CV BV510-A,Polyploid CV BV510-A,All Events  CV Violet610-A,Cell size CV Violet610-A,Hoechst CV Violet610-A,medium Mito CV Violet610-A,low Mito CV Violet610-A,High Mito CV Violet610-A,Polyploid CV Violet610-A,All Events  CV BV650-A,Cell size CV BV650-A,Hoechst CV BV650-A,medium Mito CV BV650-A,low Mito CV BV650-A,High Mito CV BV650-A,Polyploid CV BV650-A,All Events  CV PE-A,Cell size CV PE-A,Hoechst CV PE-A,medium Mito CV PE-A,low Mito CV PE-A,High Mito CV PE-A,Polyploid CV PE-A,All Events  CV ECD-A,Cell size CV ECD-A,Hoechst CV ECD-A,medium Mito CV ECD-A,low Mito CV ECD-A,High Mito CV ECD-A,Polyploid CV ECD-A,All Events  CV PC5.5-A,Cell size CV PC5.5-A,Hoechst CV PC5.5-A,medium Mito CV PC5.5-A,low Mito CV PC5.5-A,High Mito CV PC5.5-A,Polyploid CV PC5.5-A,All Events  CV PC7-A,Cell size CV PC7-A,Hoechst CV PC7-A,medium Mito CV PC7-A,low Mito CV PC7-A,High Mito CV PC7-A,Polyploid CV PC7-A,All Events  CV FSC-Width,Cell size CV FSC-Width,Hoechst CV FSC-Width,medium Mito CV FSC-Width,low Mito CV FSC-Width,High Mito CV FSC-Width,Polyploid CV FSC-Width,All Events  CV Time,Cell size CV Time,Hoechst CV Time,medium Mito CV Time,low Mito CV Time,High Mito CV Time,Polyploid CV Time,All Events  Median FSC-A,Cell size Median FSC-A,Hoechst Median FSC-A,medium Mito Median FSC-A,low Mito Median FSC-A,High Mito Median FSC-A,Polyploid Median FSC-A,All Events  Median SSC-A,Cell size Median SSC-A,Hoechst Median SSC-A,medium Mito Median SSC-A,low Mito Median SSC-A,High Mito Median SSC-A,Polyploid Median SSC-A,All Events  Median FITC-A,Cell size Median FITC-A,Hoechst Median FITC-A,medium Mito Median FITC-A,low Mito Median FITC-A,High Mito Median FITC-A,Polyploid Median FITC-A,All Events  Median PerCP-A,Cell size Median PerCP-A,Hoechst Median PerCP-A,medium Mito Median PerCP-A,low Mito Median PerCP-A,High Mito Median PerCP-A,Polyploid Median PerCP-A,All Events  Median APC-A,Cell size Median APC-A,Hoechst Median APC-A,medium Mito Median APC-A,low Mito Median APC-A,High Mito Median APC-A,Polyploid Median APC-A,All Events  Median APC-A700-A,Cell size Median APC-A700-A,Hoechst Median APC-A700-A,medium Mito Median APC-A700-A,low Mito Median APC-A700-A,High Mito Median APC-A700-A,Polyploid Median APC-A700-A,All Events  Median APC-Cy7-A,Cell size Median APC-Cy7-A,Hoechst Median APC-Cy7-A,medium Mito Median APC-Cy7-A,low Mito Median APC-Cy7-A,High Mito Median APC-Cy7-A,Polyploid Median APC-Cy7-A,All Events  Median PB450-A,Cell size Median PB450-A,Hoechst Median PB450-A,medium Mito Median PB450-A,low Mito Median PB450-A,High Mito Median PB450-A,Polyploid Median PB450-A,All Events  Median BV510-A,Cell size Median BV510-A,Hoechst Median BV510-A,medium Mito Median BV510-A,low Mito Median BV510-A,High Mito Median BV510-A,Polyploid Median BV510-A,All Events  Median Violet610-A,Cell size Median Violet610-A,Hoechst Median Violet610-A,medium Mito Median Violet610-A,low Mito Median Violet610-A,High Mito Median Violet610-A,Polyploid Median Violet610-A,All Events  Median BV650-A,Cell size Median BV650-A,Hoechst Median BV650-A,medium Mito Median BV650-A,low Mito Median BV650-A,High Mito Median BV650-A,Polyploid Median BV650-A,All Events  Median PE-A,Cell size Median PE-A,Hoechst Median PE-A,medium Mito Median PE-A,low Mito Median PE-A,High Mito Median PE-A,Polyploid Median PE-A,All Events  Median ECD-A,Cell size Median ECD-A,Hoechst Median ECD-A,medium Mito Median ECD-A,low Mito Median ECD-A,High Mito Median ECD-A,Polyploid Median ECD-A,All Events  Median PC5.5-A,Cell size Median PC5.5-A,Hoechst Median PC5.5-A,medium Mito Median PC5.5-A,low Mito Median PC5.5-A,High Mito Median PC5.5-A,Polyploid Median PC5.5-A,All Events  Median PC7-A,Cell size Median PC7-A,Hoechst Median PC7-A,medium Mito Median PC7-A,low Mito Median PC7-A,High Mito Median PC7-A,Polyploid Median PC7-A,All Events  Median FSC-Width,Cell size Median FSC-Width,Hoechst Median FSC-Width,medium Mito Median FSC-Width,low Mito Median FSC-Width,High Mito Median FSC-Width,Polyploid Median FSC-Width,All Events  Median Time,Cell size Median Time,Hoechst Median Time,medium Mito Median Time,low Mito Median Time,High Mito Median Time,Polyploid Median Time,All Events  SD FSC-A,Cell size SD FSC-A,Hoechst SD FSC-A,medium Mito SD FSC-A,low Mito SD FSC-A,High Mito SD FSC-A,Polyploid SD FSC-A,All Events  SD SSC-A,Cell size SD SSC-A,Hoechst SD SSC-A,medium Mito SD SSC-A,low Mito SD SSC-A,High Mito SD SSC-A,Polyploid SD SSC-A,All Events  SD FITC-A,Cell size SD FITC-A,Hoechst SD FITC-A,medium Mito SD FITC-A,low Mito SD FITC-A,High Mito SD FITC-A,Polyploid SD FITC-A,All Events  SD PerCP-A,Cell size SD PerCP-A,Hoechst SD PerCP-A,medium Mito SD PerCP-A,low Mito SD PerCP-A,High Mito SD PerCP-A,Polyploid SD PerCP-A,All Events  SD APC-A,Cell size SD APC-A,Hoechst SD APC-A,medium Mito SD APC-A,low Mito SD APC-A,High Mito SD APC-A,Polyploid SD APC-A,All Events  SD APC-A700-A,Cell size SD APC-A700-A,Hoechst SD APC-A700-A,medium Mito SD APC-A700-A,low Mito SD APC-A700-A,High Mito SD APC-A700-A,Polyploid SD APC-A700-A,All Events  SD APC-Cy7-A,Cell size SD APC-Cy7-A,Hoechst SD APC-Cy7-A,medium Mito SD APC-Cy7-A,low Mito SD APC-Cy7-A,High Mito SD APC-Cy7-A,Polyploid SD APC-Cy7-A,All Events  SD PB450-A,Cell size SD PB450-A,Hoechst SD PB450-A,medium Mito SD PB450-A,low Mito SD PB450-A,High Mito SD PB450-A,Polyploid SD PB450-A,All Events  SD BV510-A,Cell size SD BV510-A,Hoechst SD BV510-A,medium Mito SD BV510-A,low Mito SD BV510-A,High Mito SD BV510-A,Polyploid SD BV510-A,All Events  SD Violet610-A,Cell size SD Violet610-A,Hoechst SD Violet610-A,medium Mito SD Violet610-A,low Mito SD Violet610-A,High Mito SD Violet610-A,Polyploid SD Violet610-A,All Events  SD BV650-A,Cell size SD BV650-A,Hoechst SD BV650-A,medium Mito SD BV650-A,low Mito SD BV650-A,High Mito SD BV650-A,Polyploid SD BV650-A,All Events  SD PE-A,Cell size SD PE-A,Hoechst SD PE-A,medium Mito SD PE-A,low Mito SD PE-A,High Mito SD PE-A,Polyploid SD PE-A,All Events  SD ECD-A,Cell size SD ECD-A,Hoechst SD ECD-A,medium Mito SD ECD-A,low Mito SD ECD-A,High Mito SD ECD-A,Polyploid SD ECD-A,All Events  SD PC5.5-A,Cell size SD PC5.5-A,Hoechst SD PC5.5-A,medium Mito SD PC5.5-A,low Mito SD PC5.5-A,High Mito SD PC5.5-A,Polyploid SD PC5.5-A,All Events  SD PC7-A,Cell size SD PC7-A,Hoechst SD PC7-A,medium Mito SD PC7-A,low Mito SD PC7-A,High Mito SD PC7-A,Polyploid SD PC7-A,All Events  SD FSC-Width,Cell size SD FSC-Width,Hoechst SD FSC-Width,medium Mito SD FSC-Width,low Mito SD FSC-Width,High Mito SD FSC-Width,Polyploid SD FSC-Width,All Events  SD Time,Cell size SD Time,Hoechst SD Time,medium Mito SD Time,low Mito SD Time,High Mito SD Time,Polyploid SD Time
01-WT-A1,,187705,168480,168448,162156,2432,3268,11008,100.00%,89.76%,89.74%,86.39%,1.30%,1.74%,5.86%,100.00%,89.76%,99.98%,96.26%,1.44%,1.94%,6.53%,336131.6,353908.3,353923.9,346019.9,219587.5,781891.3,637554.8,375281.5,378020.6,378031.3,366390.9,198317.3,1000494.9,795997.6,795.9,811.9,811.9,784.5,447.0,2246.3,1860.0,83281.0,86157.0,86165.3,82100.8,24504.3,305856.1,209218.8,2728.0,2807.8,2808.1,2669.5,740.4,10285.4,6994.7,1056.5,1088.4,1088.5,1035.6,288.7,3946.6,2703.5,626.1,643.7,643.7,613.3,189.1,2283.5,1587.9,714857.9,731844.6,731719.5,708740.9,353507.9,1985777.6,1923941.0,403984.3,408921.7,408803.2,395737.3,187783.8,1126892.0,1123773.5,149040.7,151519.4,151489.8,145960.0,60724.9,454278.4,415011.5,45379.0,46193.9,46185.6,44479.7,18189.5,139647.8,127367.6,325313.3,336832.6,336867.4,320644.4,85277.9,1217394.4,815761.9,247456.8,256164.2,256190.4,243615.7,63688.8,937535.6,625315.8,282418.6,292386.9,292416.8,278033.1,72836.6,1071564.4,713501.5,33600.6,34785.1,34788.7,33069.2,8617.1,127895.8,84893.1,1988.0,2026.2,2026.2,2007.9,1667.9,3037.6,2887.2,1720572.5,1777448.6,1777524.1,1776781.5,1811812.4,1785227.5,1754890.0,81.99%,43.53%,43.53%,39.98%,15.21%,26.43%,30.94%,170.87%,54.67%,54.66%,49.96%,23.40%,25.34%,31.66%,83.62%,65.19%,65.18%,60.87%,53.47%,34.15%,36.45%,78.93%,63.43%,63.42%,52.72%,16.25%,22.31%,38.39%,85.98%,70.85%,70.84%,60.75%,54.63%,27.42%,43.18%,83.91%,71.45%,71.44%,61.86%,75.01%,27.72%,42.89%,89.78%,76.99%,76.98%,69.55%,124.21%,28.67%,43.53%,73.14%,64.95%,64.73%,60.33%,68.94%,36.33%,25.17%,77.73%,69.21%,68.86%,64.72%,73.13%,37.87%,24.78%,75.88%,66.30%,66.09%,60.43%,63.63%,30.71%,23.10%,76.62%,67.01%,66.82%,61.10%,64.11%,31.01%,23.29%,80.10%,64.10%,64.08%,52.96%,13.82%,21.17%,38.86%,79.92%,65.75%,65.74%,54.59%,15.80%,22.22%,40.35%,79.93%,66.09%,66.08%,54.93%,16.61%,22.83%,40.90%,80.23%,66.40%,66.38%,55.17%,17.01%,23.10%,41.31%,29.32%,26.21%,26.20%,25.14%,8.20%,23.30%,22.35%,42.95%,40.10%,40.09%,40.13%,39.91%,38.59%,40.62%,290536.1,300334.3,300347.7,299491.8,219057.5,766774.9,606763.4,297930.7,311885.8,311898.0,310352.3,192926.8,995713.3,753569.1,663.6,695.4,695.4,689.6,442.3,2195.8,1746.5,66436.3,70491.0,70495.5,70060.0,24869.6,288484.4,196448.1,2149.7,2259.9,2260.1,2245.7,733.1,9893.5,6528.2,850.8,896.0,896.1,889.8,285.6,3798.9,2519.3,527.8,556.6,556.7,551.8,184.6,2202.6,1499.8,640024.9,652071.5,652105.9,649092.1,332143.6,1941247.8,1823361.8,353120.4,360853.8,360872.8,358023.8,166589.1,1087012.3,1050956.3,128862.1,132596.0,132602.5,131721.2,53441.3,442105.9,385343.5,39137.9,40375.6,40377.4,40089.0,15905.8,135928.4,118163.4,260605.6,276399.2,276416.1,274756.8,88266.3,1138580.4,764843.8,196407.2,207637.3,207664.5,206426.8,65714.4,884062.4,583884.5,223519.5,236437.5,236458.0,234888.2,75114.3,1012295.8,665249.1,26554.1,28092.0,28093.9,27907.1,8878.5,120776.8,79158.0,1798.2,1811.9,1811.9,1808.9,1660.6,2942.2,2852.6,1700345.9,1756444.4,1756480.4,1755854.4,1844234.9,1738035.9,1714960.4,275585.5,154070.5,154049.8,138341.7,33393.7,206688.3,197274.0,641258.4,206676.4,206645.8,183050.7,46415.8,253498.6,252023.7,665.5,529.2,529.1,477.5,239.0,767.2,678.0,65731.3,54651.6,54646.5,43285.1,3981.7,68221.4,80317.3,2345.4,1989.4,1989.3,1621.8,404.5,2820.2,3020.5,886.6,777.7,777.6,640.7,216.5,1094.1,1159.4,562.1,495.6,495.6,426.5,234.9,654.8,691.2,522839.8,475364.8,473608.2,427582.3,243717.4,721335.4,484174.3,314030.8,283020.1,281499.8,256109.3,137326.1,426807.9,278477.7,113094.3,100463.0,100118.8,88209.9,38637.1,139520.2,95870.3,34767.5,30956.1,30862.9,27177.3,11661.7,43298.0,29665.7,260588.1,215895.6,215877.4,169821.1,11786.1,257749.3,317042.9,197774.5,168435.4,168421.4,132989.0,10064.6,208337.1,252285.7,225735.3,193247.0,193230.9,152715.3,12101.7,244644.5,291854.6,26957.4,23095.8,23093.9,18245.4,1465.4,29539.9,35071.4,582.9,531.0,531.0,504.8,136.8,707.6,645.4,738909.1,712682.2,712630.3,713017.9,723061.3,688918.1,712780.8
01-WT-B1,,202863,186408,186360,178651,3386,3630,13961,100.00%,91.89%,91.86%,88.06%,1.67%,1.79%,6.88%,100.00%,91.89%,99.97%,95.86%,1.82%,1.95%,7.49%,350255.7,359657.5,359678.8,352268.3,218469.0,786820.3,642398.1,396937.7,386902.6,386939.3,375763.3,198967.7,1014663.7,795608.4,809.2,813.7,813.8,787.7,431.3,2235.1,1811.3,85242.0,86762.7,86772.4,82750.1,24784.8,311982.2,208160.0,2956.3,3002.7,3003.0,2854.8,803.5,11225.4,7409.8,1139.3,1159.6,1159.7,1103.2,305.3,4313.0,2854.3,670.4,680.9,680.9,648.9,196.2,2464.9,1653.7,748618.4,759138.8,759078.4,736134.1,345801.9,2074740.3,1957408.9,422367.8,426686.5,426616.7,413441.1,184300.0,1186594.0,1146350.5,154898.0,156691.7,156675.9,151122.4,59849.7,474157.2,420356.2,47005.3,47577.3,47573.0,45865.6,17883.8,145148.8,128518.9,325902.1,331806.3,331846.2,316248.8,84806.7,1211017.0,793225.9,254352.5,259243.3,259272.3,246744.0,65280.4,962268.2,625671.2,292470.2,298209.8,298242.9,283768.2,75244.7,1109732.4,720117.4,34875.9,35561.3,35565.3,33830.9,8910.1,132759.7,85903.6,2037.1,2063.0,2063.0,2046.0,1678.1,3088.6,2927.1,1703813.3,1731027.1,1731151.3,1730883.5,1681707.8,1778045.5,1701337.5,82.65%,44.49%,44.48%,41.22%,14.88%,25.31%,29.72%,208.13%,55.43%,55.42%,50.98%,23.57%,23.97%,31.35%,85.94%,66.76%,66.75%,62.56%,59.22%,35.03%,37.76%,78.91%,64.71%,64.69%,53.69%,16.43%,21.59%,38.08%,85.73%,72.03%,72.01%,61.19%,53.34%,27.36%,43.23%,84.40%,72.73%,72.71%,62.26%,70.67%,27.77%,43.22%,89.46%,77.30%,77.28%,69.04%,122.16%,28.34%,43.98%,72.43%,65.47%,65.33%,60.69%,69.84%,35.65%,25.58%,76.56%,69.28%,69.07%,64.55%,73.50%,37.55%,25.23%,75.37%,66.84%,66.70%,60.66%,63.43%,30.58%,23.79%,76.13%,67.55%,67.43%,61.30%,63.73%,30.87%,24.03%,79.76%,65.18%,65.17%,53.83%,13.69%,19.98%,38.31%,79.86%,67.02%,67.00%,55.45%,15.76%,21.68%,40.10%,79.93%,67.43%,67.41%,55.81%,16.65%,22.42%,40.70%,80.22%,67.73%,67.71%,56.06%,17.10%,22.68%,41.08%,29.94%,27.13%,27.13%,26.20%,8.50%,22.43%,21.72%,44.38%,42.89%,42.89%,42.89%,44.81%,40.94%,43.83%,294662.2,302196.7,302211.4,301629.3,217328.7,772668.3,614673.2,307411.2,317186.1,317214.6,316178.9,192217.8,1011505.8,755921.0,668.5,695.2,695.3,690.7,421.3,2170.6,1711.3,67436.5,70484.2,70494.5,70210.0,24994.6,295239.3,195139.9,2299.5,2395.6,2395.9,2386.1,779.4,10728.9,6875.3,904.3,942.2,942.2,938.5,302.5,4139.8,2648.4,557.9,581.3,581.3,577.8,188.8,2382.5,1554.3,652374.5,663624.6,663661.6,661582.5,333993.8,2014005.4,1850007.6,364897.0,372934.4,372959.8,371156.6,168222.5,1141005.1,1070970.1,132159.6,135644.8,135659.3,135087.4,54034.9,458490.3,390301.7,39982.9,41100.2,41103.4,40910.0,15906.3,139853.8,119256.6,259051.4,270862.4,270902.3,269947.8,87818.5,1140452.5,741834.6,200158.4,209070.0,209099.7,208226.1,67056.1,909323.4,582715.5,229453.6,239624.8,239650.1,238742.0,77129.5,1051537.8,669819.1,27335.4,28531.3,28535.1,28434.0,9095.5,125616.6,79862.2,1813.4,1824.5,1824.5,1822.0,1670.7,2995.8,2896.3,1705945.4,1732027.4,1732119.9,1732055.4,1676493.9,1788885.4,1690620.4,289475.0,159998.2,159981.2,145194.7,32506.8,199175.3,190908.6,826137.9,214470.2,214449.4,191548.7,46895.0,243189.7,249407.8,695.4,543.3,543.2,492.8,255.5,782.9,684.0,67264.3,56146.5,56135.9,44429.8,4071.8,67353.5,79263.0,2534.3,2162.8,2162.5,1746.9,428.6,3071.8,3203.3,961.6,843.4,843.3,686.9,215.7,1197.7,1233.7,599.8,526.3,526.2,448.0,239.7,698.6,727.4,542211.8,496973.7,495906.5,446781.9,241510.4,739678.3,500653.8,323364.3,295605.3,294685.3,266871.6,135451.5,445601.9,289210.7,116753.0,104740.3,104510.4,91663.9,37961.4,144990.6,99982.0,35784.6,32140.5,32077.1,28117.0,11397.3,44808.0,30879.4,259941.8,216283.4,216248.8,170233.1,11608.0,241978.7,303865.3,203128.5,173743.2,173714.1,136814.8,10287.8,208606.9,250895.0,233785.0,201073.0,201038.9,158381.3,12530.4,248790.9,293086.7,27978.5,24085.8,24081.8,18965.1,1524.0,30112.6,35288.9,610.0,559.7,559.7,536.0,142.6,692.6,635.8,756210.0,742492.6,742439.1,742443.8,753599.3,727892.1,745726.8
01-WT-C1,,228251,210474,210446,199525,1692,7978,23005,100.00%,92.21%,92.20%,87.41%,0.74%,3.50%,10.08%,100.00%,92.21%,99.99%,94.81%,0.80%,3.79%,10.93%,379133.0,382606.7,382616.3,364907.0,215587.1,807480.6,655731.2,428258.6,407348.6,407365.3,382880.0,192048.2,993526.6,796344.6,905.6,899.0,899.0,840.3,433.8,2298.9,1882.4,100203.7,100473.1,100479.1,91578.8,24909.8,316168.4,224432.9,3549.9,3543.7,3544.0,3209.9,780.8,11633.5,8177.4,1360.9,1363.9,1364.0,1236.7,296.1,4451.8,3142.7,792.4,792.2,792.3,719.9,178.6,2545.8,1813.6,826357.4,826949.8,826720.7,771374.7,376357.6,2154707.8,2005233.5,465064.1,463017.6,462859.0,431332.0,199236.3,1222367.0,1165640.1,174359.7,173731.8,173690.4,160651.2,63954.9,488751.9,434921.0,53146.6,52984.9,52972.5,48947.7,19109.5,150267.5,133537.1,386530.8,387614.2,387637.7,352812.3,85030.4,1233824.4,861880.3,304694.7,305924.0,305942.6,277779.4,66015.8,989882.3,687019.0,350140.9,351702.3,351724.4,319244.2,75940.8,1140402.1,790233.2,41682.6,41868.7,41871.4,37987.5,8954.8,136185.6,94103.0,2100.9,2117.9,2117.9,2075.6,1674.3,3130.6,2940.3,1734627.9,1769663.0,1769731.1,1769523.8,1726448.3,1780258.3,1735336.4,99.89%,46.61%,46.61%,41.62%,16.02%,25.72%,31.58%,247.47%,56.68%,56.68%,50.50%,23.01%,24.80%,32.01%,88.42%,68.48%,68.48%,63.04%,61.33%,33.88%,38.66%,81.62%,65.86%,65.85%,52.26%,18.34%,22.52%,37.96%,92.60%,73.17%,73.16%,59.59%,53.62%,28.40%,43.25%,87.04%,73.61%,73.60%,60.64%,74.67%,28.43%,42.97%,95.34%,77.41%,77.41%,66.93%,131.12%,29.51%,43.89%,77.95%,68.13%,67.93%,61.52%,81.38%,35.34%,26.98%,81.72%,71.86%,71.62%,65.52%,84.66%,37.54%,26.74%,80.44%,69.24%,69.10%,61.01%,72.25%,31.36%,25.71%,81.29%,70.01%,69.89%,61.71%,71.86%,31.73%,26.01%,82.21%,66.19%,66.18%,52.30%,14.80%,21.16%,38.02%,82.15%,67.98%,67.97%,53.67%,17.41%,23.09%,40.00%,82.18%,68.37%,68.36%,54.00%,18.66%,23.79%,40.63%,82.47%,68.70%,68.69%,54.24%,19.29%,24.09%,41.05%,31.73%,28.05%,28.05%,26.41%,8.99%,22.26%,22.13%,41.32%,39.46%,39.46%,39.50%,41.63%,38.21%,40.17%,307688.6,315647.4,315655.4,310830.1,214011.8,791190.5,627082.5,319954.4,330465.5,330488.8,322986.3,185392.1,987339.0,758310.8,725.5,752.4,752.5,731.6,415.4,2245.9,1776.3,77860.8,80945.5,80948.7,78722.7,25449.7,298413.8,210634.3,2701.3,2801.6,2801.8,2719.9,789.0,11107.1,7598.8,1057.9,1097.4,1097.5,1064.3,290.5,4248.5,2923.5,640.1,664.4,664.4,642.7,180.4,2440.8,1707.3,686028.8,695386.9,695388.5,681974.3,349718.4,2110169.5,1881762.0,386853.1,392007.1,392011.8,381890.8,175282.1,1188065.0,1080987.4,143272.8,145885.3,145885.9,142076.3,56894.6,475332.9,400775.0,43561.4,44408.4,44408.8,43210.2,16874.7,146142.1,122978.0,300958.7,312989.1,313019.6,304631.5,88438.1,1156892.6,806762.0,235603.3,244750.7,244774.0,237977.4,68557.0,929669.3,640767.8,270163.1,280572.1,280599.8,272751.6,78981.2,1072389.3,735387.7,32107.8,33344.8,33346.2,32411.0,9321.8,127992.8,87535.4,1838.1,1848.6,1848.6,1836.3,1667.0,3033.6,2901.6,1727882.1,1768422.6,1768500.1,1768929.1,1701670.1,1760175.1,1708236.1,378707.8,178329.6,178327.7,151886.3,34531.2,207649.1,207053.6,1059816.0,230904.3,230904.1,193352.4,44193.2,246427.2,254920.8,800.7,615.7,615.6,529.7,266.1,778.8,727.8,81784.4,66170.2,66170.1,47860.3,4567.5,71186.6,85193.9,3287.3,2592.9,2592.8,1912.8,418.7,3304.2,3536.5,1184.6,1004.0,1003.9,750.0,221.1,1265.7,1350.3,755.4,613.3,613.3,481.8,234.2,751.2,795.9,644107.8,563423.2,561632.1,474532.9,306266.7,761406.5,541107.8,380044.5,332747.5,331497.5,282626.6,168666.6,458889.6,311743.9,140253.3,120288.6,120017.0,98021.3,46205.9,153252.9,111836.1,43203.7,37097.1,37024.0,30204.0,13732.2,47674.7,34731.3,317766.1,256545.3,256546.3,184533.0,12584.5,261136.0,327647.2,250317.9,207960.5,207961.8,149086.4,11490.2,228561.7,274781.0,287756.3,240452.0,240453.6,172376.5,14167.8,271300.0,321036.8,34375.0,28762.8,28763.0,20605.3,1727.8,32808.6,38629.1,666.7,594.0,594.0,548.3,150.6,697.0,650.7,716725.2,698322.1,698279.9,698948.8,718728.3,680244.3,697115.5
01-WT_AZ-D1,,149204,134358,134328,124613,1289,7440,17944,100.00%,90.05%,90.03%,83.52%,0.86%,4.99%,12.03%,100.00%,90.05%,99.98%,92.77%,0.96%,5.54%,13.36%,421482.5,418173.3,418204.4,390193.3,213325.8,876970.8,727922.7,463380.1,423226.7,423264.2,388702.7,193760.1,987927.7,799658.4,1145.5,1097.1,1097.2,998.5,445.9,2711.7,2251.0,108149.4,105741.6,105753.1,93332.0,23782.7,310616.1,229817.5,3750.9,3659.7,3660.1,3209.1,784.5,11086.9,8093.6,1465.1,1423.0,1423.2,1250.9,311.5,4261.3,3130.2,870.5,837.8,837.9,738.7,193.1,2471.3,1830.5,910579.2,909698.3,909535.3,824711.1,272943.5,2311063.8,2137843.5,504172.4,502703.8,502553.2,456256.5,143598.7,1269850.1,1205499.1,186029.0,184306.0,184267.0,165816.2,47733.7,489768.4,440322.4,56437.5,55900.9,55890.0,50231.4,14234.5,149588.8,134260.2,433087.1,423824.5,423874.4,373208.4,84599.0,1260834.5,924273.6,330647.0,324413.8,324450.6,284914.6,64210.5,977134.9,709763.6,374527.6,367718.8,367760.3,322829.1,73182.7,1109386.1,803149.5,44301.9,43481.4,43486.4,38147.8,8607.3,131596.7,94913.2,2192.1,2215.5,2215.5,2154.7,1676.7,3214.7,3046.8,1824206.1,1826586.6,1826644.1,1825863.9,1817670.0,1839473.5,1785402.8,95.72%,49.87%,49.87%,43.67%,17.66%,24.73%,29.93%,249.42%,59.37%,59.37%,52.47%,25.08%,25.96%,32.49%,112.97%,68.09%,68.08%,60.63%,61.16%,33.63%,37.41%,97.43%,67.67%,67.66%,51.82%,17.00%,23.26%,37.47%,102.20%,73.79%,73.78%,58.18%,51.75%,28.56%,42.56%,323.72%,73.60%,73.59%,58.76%,69.81%,28.71%,42.26%,487.62%,77.26%,77.25%,65.56%,122.69%,29.95%,43.35%,86.59%,70.62%,70.17%,61.72%,90.90%,35.32%,27.87%,88.36%,72.91%,72.16%,64.53%,94.77%,36.68%,27.03%,89.46%,70.47%,69.99%,60.38%,78.94%,30.70%,25.90%,90.34%,71.05%,70.61%,60.89%,79.13%,30.89%,26.13%,97.08%,68.15%,68.14%,51.84%,14.54%,22.23%,37.38%,96.10%,69.65%,69.64%,52.91%,17.48%,23.87%,39.27%,95.95%,69.99%,69.98%,53.17%,18.77%,24.48%,39.96%,96.45%,70.33%,70.32%,53.39%,19.44%,24.79%,40.48%,34.80%,29.49%,29.49%,27.70%,10.71%,21.37%,21.17%,35.81%,35.32%,35.31%,35.34%,35.31%,34.91%,36.24%,330180.0,342107.8,342150.1,331493.7,211949.5,868972.6,691755.5,324835.8,337090.3,337134.4,324531.6,185868.1,983909.0,748023.2,866.0,899.0,899.1,864.3,430.7,2670.9,2122.9,80590.8,84337.0,84347.3,80816.9,24290.7,292222.1,214367.8,2747.2,2870.8,2871.1,2742.6,761.1,10535.3,7465.5,1090.1,1138.4,1138.6,1087.9,305.1,4057.3,2903.9,666.0,695.2,695.2,661.9,192.0,2364.3,1716.4,717332.6,737318.6,737380.5,714928.5,212569.1,2264363.8,2006734.3,407997.2,421230.8,421263.1,405590.2,106763.6,1240445.1,1118353.8,147849.7,152977.2,152986.6,146947.0,37318.3,479108.4,406654.6,44767.9,46376.1,46381.1,44503.1,10926.7,146191.9,123955.1,324684.4,339784.6,339824.8,325665.7,87960.7,1176041.5,863132.9,246332.4,257790.5,257818.9,246741.4,66550.8,910971.4,658913.3,278312.4,291615.0,291649.9,278680.7,75859.7,1036244.5,743690.6,32834.9,34430.9,34433.6,32884.0,8943.5,122873.8,87765.0,1879.5,1898.0,1898.0,1874.9,1671.6,3140.1,2985.5,1797991.0,1794636.0,1794671.0,1793793.5,1779229.5,1809714.5,1748812.0,403442.5,208551.4,208547.8,170382.6,37669.2,216880.3,217832.3,1155782.3,251280.4,251280.4,203951.8,48601.2,256461.8,259818.4,1294.1,747.0,747.0,605.3,272.7,911.9,842.0,105367.2,71560.4,71557.4,48363.3,4042.8,72238.3,86113.7,3833.3,2700.6,2700.5,1867.0,406.0,3166.6,3444.3,4742.6,1047.4,1047.3,735.0,217.5,1223.4,1322.9,4244.8,647.3,647.3,484.3,236.9,740.1,793.6,788468.6,642412.9,638213.6,509041.8,248114.4,816289.8,595833.4,445493.4,366532.3,362664.4,294399.6,136092.8,465720.0,325830.6,166422.3,129889.1,128967.4,100118.0,37683.2,150363.9,114062.8,50984.5,39718.6,39466.6,30585.8,11264.4,46212.8,35080.3,420433.0,288853.4,288843.9,193457.5,12304.1,280312.9,345514.0,317737.4,225951.6,225943.7,150742.1,11221.7,233249.3,278703.3,359361.7,257349.8,257340.8,171651.7,13738.2,271585.4,320906.6,42728.4,30578.6,30577.6,20368.5,1672.9,32621.1,38422.7,762.9,653.4,653.4,596.8,179.6,686.8,645.1,653256.5,645104.1,645045.0,645300.1,641871.6,642096.4,647044.4
01-WT_AZ-E1,,136302,118989,118935,110298,953,6765,12508,100.00%,87.30%,87.26%,80.92%,0.70%,4.96%,9.18%,100.00%,87.30%,99.95%,92.74%,0.80%,5.69%,10.52%,410941.7,414881.8,414929.1,385914.5,215498.9,869931.9,763672.4,457771.4,418283.3,418321.8,382428.5,197268.9,980349.4,844396.6,1149.4,1130.9,1130.9,1024.4,478.3,2801.2,2467.9,106017.2,106005.3,106017.0,93172.9,23753.7,309369.6,244278.0,3769.1,3739.4,3739.7,3270.4,824.2,11153.3,8737.7,1464.7,1462.6,1462.8,1283.9,334.0,4290.7,3382.7,865.8,862.0,862.1,758.3,191.5,2502.0,1986.7,915553.0,921119.9,920489.9,835035.0,285308.8,2276737.8,2284039.8,505862.3,505699.9,505151.3,458692.2,150097.6,1244641.8,1279611.8,184896.3,184486.6,184334.8,165754.3,49386.3,479825.0,465578.5,55813.0,55718.0,55675.1,50005.7,14699.7,145833.5,141295.2,427244.7,427832.8,427882.8,375338.8,84132.5,1261332.4,986378.8,328006.2,328872.8,328907.1,287812.1,64259.3,980375.9,760311.0,371372.3,372548.4,372588.1,325900.9,73087.9,1112604.3,859903.2,43921.8,44055.5,44060.1,38511.8,8600.6,132002.7,101637.8,2180.6,2217.1,2217.0,2153.6,1698.3,3213.5,3132.7,1713987.8,1755236.8,1755564.0,1753851.1,1678960.3,1791675.6,1712757.1,113.55%,49.95%,49.94%,43.56%,18.80%,24.89%,28.07%,288.63%,59.73%,59.71%,52.56%,28.26%,25.86%,29.98%,99.05%,67.86%,67.82%,59.97%,64.97%,33.41%,35.47%,94.45%,67.48%,67.45%,51.44%,22.50%,23.10%,35.66%,105.06%,72.94%,72.92%,57.38%,57.49%,28.55%,40.61%,96.83%,72.44%,72.42%,57.81%,79.73%,28.91%,40.27%,101.22%,76.79%,76.78%,65.37%,141.92%,30.30%,41.52%,85.10%,69.46%,69.08%,60.76%,101.55%,36.81%,26.09%,87.62%,71.91%,71.12%,63.44%,106.61%,38.49%,25.79%,87.55%,69.38%,68.86%,59.14%,89.55%,32.11%,24.34%,88.14%,69.85%,69.39%,59.53%,88.83%,32.28%,24.51%,94.39%,67.67%,67.64%,51.27%,15.39%,21.71%,35.40%,94.46%,69.07%,69.05%,52.26%,18.47%,23.43%,37.33%,94.52%,69.44%,69.42%,52.56%,19.85%,24.08%,38.07%,94.96%,69.80%,69.78%,52.79%,20.49%,24.41%,38.63%,35.16%,29.17%,29.16%,27.29%,11.74%,21.37%,20.24%,42.21%,39.90%,39.88%,39.97%,42.34%,38.30%,41.21%,323394.9,342213.2,342266.5,330890.9,212657.8,860283.8,732369.4,314538.2,333725.9,333783.5,320797.4,186610.1,974099.9,804045.3,872.4,927.5,927.5,889.7,443.1,2745.0,2347.9,78685.4,84108.0,84119.9,80521.4,23984.5,291884.3,229337.9,2749.8,2930.8,2931.0,2797.6,807.9,10582.4,8116.0,1100.9,1172.3,1172.5,1120.6,318.3,4080.1,3132.0,674.0,718.8,718.9,683.2,187.8,2391.6,1877.8,718572.9,744672.5,744684.0,718348.4,205815.6,2246646.3,2156895.5,407549.3,422126.5,422135.1,405533.3,99913.4,1215515.8,1196506.4,146241.8,152325.5,152326.5,146018.8,35129.1,467977.2,432721.1,44081.5,45995.4,45996.4,44067.5,10414.3,142340.3,131244.5,319142.4,341876.1,341947.0,327079.3,88156.9,1181798.5,925362.9,243385.5,260618.5,260657.0,248990.4,67005.2,919323.5,709510.8,274715.2,294233.3,294277.6,281158.1,76223.0,1043087.0,801496.6,32470.3,34753.8,34758.2,33182.5,8966.5,123923.3,94441.3,1884.4,1910.7,1910.8,1886.1,1684.9,3133.6,3064.8,1679174.3,1730257.8,1730435.8,1729246.3,1631510.8,1786267.8,1662361.3,466635.3,207245.7,207207.8,168109.2,40517.3,216567.8,214359.8,1321275.5,249848.0,249791.3,201018.2,55755.8,253502.3,253146.5,1138.4,767.4,767.0,614.3,310.8,935.9,875.3,100131.7,71529.8,71511.1,47927.3,5343.4,71457.5,87106.5,3959.8,2727.5,2727.0,1876.6,473.8,3183.9,3548.8,1418.3,1059.6,1059.4,742.2,266.3,1240.5,1362.3,876.3,662.0,661.9,495.7,271.8,758.0,824.9,779126.2,639807.7,635903.3,507364.0,289740.0,838117.7,595858.3,443245.4,363654.0,359264.7,290985.4,160018.6,479030.4,330065.4,161872.1,128003.4,126938.8,98021.1,44224.4,154090.6,113325.1,49192.9,38920.5,38632.2,29769.6,13057.1,47081.3,34633.3,403273.2,289517.9,289436.8,192428.6,12945.3,273776.4,349194.8,309834.3,227164.7,227100.8,150412.1,11865.5,229707.8,283841.6,351037.4,258712.1,258643.7,171277.9,14511.4,267958.7,327377.6,41708.1,30751.2,30743.1,20331.6,1762.4,32221.7,39259.9,766.6,646.7,646.5,587.7,199.3,686.7,634.2,723531.0,700425.9,700173.1,701004.4,710825.0,686257.3,705784.0
01-WT_AZ-F1,,119370,107353,107342,98645,1073,6745,15705,100.00%,89.93%,89.92%,82.64%,0.90%,5.65%,13.16%,100.00%,89.93%,99.99%,91.90%,1.00%,6.28%,14.63%,433525.4,426655.4,426677.2,395574.3,214269.1,870561.6,717227.2,481223.3,436299.2,436325.3,398020.4,192914.6,980779.9,794143.1,1188.7,1137.7,1137.8,1027.6,446.4,2705.2,2233.3,110777.1,107939.2,107943.0,93769.0,24257.1,311796.8,230744.8,3934.9,3828.8,3828.9,3302.3,862.7,11390.2,8316.1,1530.9,1495.6,1495.6,1295.9,339.5,4369.1,3218.1,906.0,881.6,881.6,765.5,228.2,2545.6,1883.9,921773.4,915387.6,915386.1,815664.8,249728.6,2353163.3,2168421.5,511738.4,507836.3,507822.5,452439.3,130466.4,1307228.0,1237391.1,189920.4,187313.4,187310.0,165318.5,44270.1,504342.7,452966.2,57579.3,56775.3,56774.4,50033.0,13202.8,153956.1,138055.2,445376.9,434165.0,434180.5,376020.6,85444.7,1272511.0,933277.5,343448.6,335670.8,335680.7,289762.6,65965.2,997376.8,723854.6,389025.4,380550.8,380561.7,328430.9,75407.4,1131822.9,818582.6,46019.1,45013.8,45015.0,38825.8,8893.3,134215.0,96704.9,2228.1,2248.3,2248.3,2182.1,1681.5,3197.4,3019.0,1832167.8,1843520.6,1843579.8,1842602.6,1805737.5,1862637.8,1803900.8,99.61%,50.66%,50.66%,44.66%,17.99%,25.16%,31.73%,243.44%,59.99%,59.98%,53.52%,23.16%,26.65%,34.01%,98.19%,68.99%,68.99%,62.07%,69.76%,34.31%,39.21%,93.18%,69.31%,69.30%,52.45%,16.63%,24.55%,39.03%,98.57%,75.50%,75.49%,58.71%,54.34%,30.61%,44.82%,95.58%,74.85%,74.85%,59.09%,75.46%,31.07%,44.29%,100.00%,78.93%,78.93%,66.84%,119.83%,31.88%,45.55%,89.10%,73.90%,73.89%,64.78%,81.32%,36.21%,29.10%,91.13%,76.83%,76.82%,68.41%,86.38%,38.43%,28.78%,91.09%,74.36%,74.36%,63.72%,71.13%,32.97%,27.95%,91.98%,75.07%,75.07%,64.27%,71.23%,33.32%,28.26%,93.55%,69.81%,69.81%,52.45%,14.11%,23.09%,38.59%,93.77%,71.54%,71.54%,53.50%,17.13%,25.42%,41.00%,93.75%,71.88%,71.87%,53.74%,18.38%,26.24%,41.87%,94.08%,72.21%,72.20%,53.93%,18.80%,26.67%,42.49%,34.68%,29.29%,29.29%,27.55%,8.96%,21.00%,21.47%,34.16%,33.61%,33.61%,33.67%,35.08%,32.61%,34.43%,338397.8,351282.5,351307.4,337290.2,213903.2,862575.6,685586.5,334463.9,347937.6,347964.1,331790.3,184800.3,981711.5,748991.2,896.9,930.3,930.3,886.8,426.0,2658.9,2107.3,81756.0,85378.3,85379.2,81196.2,24651.7,293108.5,215420.0,2851.0,2974.9,2975.1,2818.8,845.0,10750.8,7707.4,1141.3,1192.0,1192.0,1128.7,328.3,4114.7,2973.5,699.9,729.1,729.2,689.1,216.1,2440.9,1760.1,714807.1,735931.2,735950.4,707138.1,207163.5,2318338.8,2028641.6,402498.0,416993.4,416998.3,395956.5,99845.7,1276162.9,1141927.3,147032.8,152264.7,152266.1,144578.7,35691.0,490227.2,415110.1,44479.0,46090.0,46091.4,43707.4,10549.9,149822.8,126494.1,329709.6,344797.3,344806.5,327470.4,89268.4,1187607.4,869030.0,252441.3,264023.9,264033.9,250641.7,68317.3,928017.9,670799.4,285563.4,298424.3,298430.4,283422.3,78000.1,1052675.8,758409.2,33741.8,35253.5,35254.9,33482.6,9194.8,124769.2,89492.0,1911.6,1933.7,1933.7,1901.1,1680.3,3119.9,2971.3,1771640.4,1781215.4,1781231.4,1780185.4,1753895.4,1796196.4,1740249.4,431850.5,216145.7,216145.6,176647.8,38541.5,218990.8,227577.1,1171505.1,261723.9,261724.1,213037.7,44683.2,261378.0,270065.9,1167.2,784.9,784.9,637.8,311.4,928.2,875.8,103218.1,74810.3,74808.2,49182.8,4034.4,76539.5,90059.5,3878.8,2890.8,2890.6,1938.7,468.7,3486.3,3727.6,1463.3,1119.5,1119.4,765.7,256.2,1357.3,1425.2,906.0,695.9,695.8,511.7,273.5,811.4,858.1,821298.8,676452.4,676388.8,528407.7,203090.2,852003.6,631023.6,466360.7,390189.9,390124.6,309518.3,112701.9,502359.5,356182.6,172990.9,139294.5,139275.2,105335.5,31487.8,166282.0,126600.4,52961.4,42623.8,42618.4,32155.0,9404.4,51303.1,39014.9,416658.8,303107.2,303096.9,197221.8,12059.9,293778.6,360145.0,322064.1,240146.0,240134.7,155024.7,11301.4,253556.8,296794.2,364708.0,273532.0,273519.0,176483.3,13859.3,296943.3,342758.7,43294.3,32502.3,32500.8,20938.5,1671.6,35798.7,41092.9,772.8,658.6,658.6,601.2,150.7,671.3,648.1,625927.4,619619.5,619597.8,620363.3,633453.2,607341.8,621010.3
01-OE-A2,,120769,110610,110557,105300,756,3855,11844,100.00%,91.59%,91.54%,87.19%,0.63%,3.19%,9.81%,100.00%,91.59%,99.95%,95.24%,0.68%,3.49%,10.71%,349565.6,352499.3,352547.5,335787.2,207839.5,784157.6,608728.8,405313.8,358337.6,358368.0,336988.1,186325.7,907655.5,701915.8,826.3,838.6,838.5,788.1,426.4,2133.6,1701.5,95061.7,97804.8,97808.5,89562.4,24664.3,313609.4,212318.2,3620.7,3676.7,3676.7,3349.1,890.4,12243.0,8094.1,1394.1,1428.9,1429.0,1306.4,351.6,4638.3,3102.4,811.6,830.0,830.0,759.3,225.1,2678.7,1807.3,825729.4,842994.1,842287.2,793044.6,312933.7,2136673.0,1995250.0,475323.0,480768.9,480070.8,452037.7,166798.2,1219199.0,1180746.3,175844.4,178382.8,178178.3,166441.7,55070.6,487072.9,434688.1,53235.0,54066.0,54007.1,50427.0,16413.0,148251.7,132209.2,375205.7,386132.3,386151.6,353270.4,85976.0,1247865.0,841167.8,302447.2,311469.9,311480.5,284136.3,68112.0,1028132.5,679753.0,345837.1,356260.8,356272.8,324890.6,78223.1,1178759.4,775665.6,41011.0,42245.9,42247.3,38507.2,9218.6,140276.0,91930.6,2104.4,2132.7,2132.6,2089.7,1733.1,3227.7,3016.3,1533831.0,1547343.5,1547511.1,1550963.1,1592081.8,1448201.4,1398378.8,130.21%,47.23%,47.22%,41.36%,19.91%,27.51%,34.41%,399.58%,56.54%,56.54%,49.24%,24.92%,28.87%,35.72%,86.49%,68.06%,68.02%,62.22%,63.00%,39.84%,43.68%,78.69%,65.02%,64.97%,51.14%,16.48%,23.80%,41.04%,93.11%,71.42%,71.37%,57.78%,50.79%,28.07%,46.42%,83.15%,70.53%,70.49%,57.86%,69.80%,28.52%,45.93%,95.99%,76.02%,75.98%,66.06%,113.19%,29.41%,48.33%,74.19%,65.86%,65.08%,58.46%,86.90%,39.69%,28.51%,79.07%,70.80%,68.96%,62.83%,90.00%,42.86%,28.75%,76.70%,67.45%,66.24%,58.36%,75.29%,34.98%,27.25%,77.07%,67.79%,66.71%,58.79%,75.10%,35.19%,27.32%,78.83%,65.16%,65.12%,51.19%,13.26%,22.13%,40.13%,79.76%,67.29%,67.24%,52.83%,16.03%,23.88%,42.72%,79.92%,67.71%,67.66%,53.20%,17.24%,24.50%,43.54%,80.29%,68.10%,68.05%,53.51%,17.87%,24.86%,44.10%,32.96%,28.19%,28.18%,26.37%,12.38%,23.02%,22.57%,38.22%,36.73%,36.72%,36.73%,36.09%,35.99%,37.99%,287217.8,296002.1,296058.1,291949.4,204959.3,760867.7,579421.6,282532.1,293640.6,293668.5,287874.8,178312.0,889816.8,653452.3,690.1,719.4,719.4,701.4,413.3,2033.8,1583.9,75394.3,79190.2,79196.3,77267.3,25068.6,294168.7,195635.3,2798.4,2931.8,2932.0,2856.3,870.1,11640.3,7397.8,1117.5,1171.3,1171.4,1141.2,344.8,4418.5,2836.1,671.7,704.8,704.9,684.2,214.1,2557.7,1671.4,706755.7,718909.4,718930.6,708047.8,270819.6,2077360.9,1854967.3,405786.4,414020.3,414065.5,405485.1,135204.2,1179297.4,1084849.9,148927.8,152617.7,152620.8,149095.6,45693.9,470347.6,397350.5,45144.2,46300.5,46302.0,45228.1,13392.4,143197.2,120885.7,299856.7,315049.9,315104.6,307417.1,89357.0,1161868.1,777803.0,238635.5,250329.3,250352.1,244247.1,70298.0,959843.9,624070.8,271544.8,285581.1,285610.6,278208.8,80598.4,1102212.9,710818.1,32160.4,33813.3,33818.7,32957.1,9500.2,131389.9,84000.7,1865.1,1877.9,1877.9,1865.7,1714.3,3124.1,2973.5,1424730.4,1434249.9,1434287.4,1437378.9,1510220.9,1358799.4,1301929.4,455154.7,166472.4,166485.8,138894.3,41390.8,215739.4,209442.7,1619534.4,202620.2,202615.8,165926.7,46427.4,262050.9,250756.4,714.6,570.8,570.3,490.3,268.7,850.0,743.2,74806.6,63590.0,63546.9,45804.2,4065.6,74631.7,87125.2,3371.1,2626.0,2624.2,1935.2,452.3,3436.4,3757.4,1159.2,1007.8,1007.2,755.8,245.4,1322.8,1425.0,779.1,631.0,630.6,501.6,254.8,787.7,873.4,612597.1,555226.8,548179.6,463633.2,271934.1,847944.9,568819.7,375839.8,340384.8,331041.5,284010.9,150122.2,522555.8,339512.2,134867.2,120315.7,118027.8,97130.4,41463.4,170392.0,118472.4,41029.8,36649.5,36026.9,29645.4,12326.0,52172.8,36113.6,295788.5,251620.0,251462.6,180830.4,11401.8,276178.4,337599.8,241233.8,209590.3,209450.5,150105.9,10917.2,245492.0,290383.2,276387.9,241221.0,241057.9,172850.8,13484.5,288761.1,337698.5,32928.6,28768.9,28749.4,20603.6,1647.8,34871.5,40544.6,693.6,601.3,600.9,551.1,214.5,743.1,680.7,586168.7,568395.6,568250.1,569599.3,574629.2,521156.3,531229.4
01-OE-B2,,247982,228899,228857,212392,2904,11800,35078,100.00%,92.30%,92.29%,85.65%,1.17%,4.76%,14.15%,100.00%,92.30%,99.98%,92.81%,1.27%,5.16%,15.33%,447955.9,418295.8,418307.7,388617.2,209000.6,943786.3,759080.7,510871.1,430963.6,430983.1,395628.8,186021.0,1056394.9,846459.0,1111.0,1023.1,1023.1,930.1,380.2,2670.3,2159.0,106422.8,99660.1,99664.6,88701.1,24316.3,295477.1,209619.4,3498.6,3226.2,3226.4,2833.5,591.8,10236.1,7014.0,1352.2,1260.7,1260.8,1112.4,230.7,3915.4,2721.8,809.6,751.3,751.4,662.7,141.6,2336.4,1636.6,1037212.9,985110.4,985093.1,900634.2,339926.4,2498362.5,2258797.0,576945.9,548358.9,548323.5,502221.5,181153.3,1377946.4,1277841.8,205910.9,194826.1,194818.1,177160.7,58255.6,512360.2,449917.4,61802.3,58478.8,58476.2,53155.9,17269.3,154189.6,135315.7,431660.2,404782.0,404803.8,359513.8,85875.0,1216373.3,856176.4,334969.2,314430.8,314446.6,278463.3,67187.6,958236.3,664160.8,377790.8,354876.7,354894.1,314240.1,76636.9,1082008.5,747278.6,44583.0,41869.0,41871.1,37049.9,8980.2,128097.7,88138.9,2357.5,2328.2,2328.2,2262.2,1728.9,3509.3,3299.9,1855467.5,1859320.9,1859342.9,1862972.8,1894649.6,1794649.5,1757671.8,113.16%,54.01%,54.00%,47.37%,17.83%,22.78%,30.80%,301.34%,61.62%,61.61%,54.52%,21.73%,22.95%,30.96%,101.26%,76.68%,76.66%,70.57%,78.24%,34.55%,40.14%,90.89%,68.46%,68.44%,54.52%,15.63%,19.99%,36.05%,111.41%,79.93%,79.92%,66.22%,94.27%,27.86%,44.66%,100.06%,79.57%,79.56%,67.31%,122.29%,27.38%,43.49%,110.32%,86.27%,86.26%,77.14%,197.39%,29.38%,46.00%,86.18%,69.81%,69.78%,61.88%,62.52%,35.10%,27.75%,86.84%,71.65%,71.59%,64.21%,66.36%,37.53%,27.80%,86.40%,69.38%,69.33%,60.51%,57.37%,31.06%,26.42%,86.74%,69.65%,69.62%,60.76%,57.48%,31.19%,26.52%,90.62%,68.97%,68.96%,54.58%,12.90%,18.83%,35.75%,91.51%,70.54%,70.53%,55.64%,14.67%,20.99%,38.11%,91.50%,70.78%,70.77%,55.87%,15.54%,21.61%,38.81%,91.91%,71.16%,71.15%,56.14%,16.14%,21.97%,39.36%,37.22%,31.54%,31.54%,29.46%,9.32%,22.76%,22.31%,28.12%,27.51%,27.50%,27.56%,28.09%,26.05%,27.55%,331390.1,335198.7,335224.5,325150.3,207229.0,948271.8,730322.2,333740.9,337571.0,337591.0,325154.4,179479.1,1067873.8,809763.1,811.2,820.1,820.2,786.4,382.5,2638.3,2062.3,76735.4,77983.3,77989.3,74914.5,24429.4,281442.7,196840.0,2457.1,2488.5,2488.6,2378.4,613.5,9780.0,6508.7,986.4,998.8,998.9,955.7,238.9,3759.5,2546.9,609.7,616.1,616.1,586.0,146.3,2263.1,1547.6,752106.8,757733.6,757756.6,734145.6,334218.5,2490732.3,2109775.0,434802.8,437600.9,437625.1,422691.3,170653.6,1361565.8,1184066.3,154290.4,155384.4,155396.1,150005.7,54523.0,504550.4,415230.6,46347.3,46689.9,46691.4,45068.1,15941.9,151837.2,124942.7,312705.4,317721.8,317770.4,305492.4,88932.6,1150928.8,804895.0,240849.5,244594.4,244616.6,234828.7,68898.3,904802.5,619750.9,271313.1,275690.8,275712.4,264438.2,78318.3,1022734.8,697244.6,31960.8,32486.7,32489.5,31129.1,9159.8,121123.6,82156.1,1978.7,1983.9,1983.9,1953.3,1716.8,3385.3,3181.9,1779697.4,1780123.9,1780123.9,1785095.4,1817796.4,1695916.9,1653805.9,506909.5,225903.2,225874.4,184083.0,37260.5,214986.9,233797.4,1539441.9,265540.6,265507.2,215689.7,40426.9,242407.2,262064.9,1125.0,784.5,784.4,656.4,297.5,922.6,866.6,96726.5,68225.1,68215.1,48363.3,3800.3,59072.0,75575.9,3897.8,2578.7,2578.4,1876.3,557.9,2851.7,3132.7,1352.9,1003.2,1003.1,748.8,282.1,1072.1,1183.8,893.2,648.2,648.1,511.3,279.5,686.5,752.9,893838.8,687725.3,687390.3,557274.8,212512.2,876975.2,626780.6,500999.3,392898.6,392550.5,322463.9,120222.3,517160.6,355280.6,177897.4,135164.1,135075.0,107206.3,33420.1,159120.9,118852.5,53608.5,40733.2,40709.1,32299.5,9925.5,48093.4,35884.7,391151.2,279180.1,279146.9,196221.7,11074.5,229003.8,306104.8,306540.8,221787.4,221763.5,154940.0,9855.8,201087.1,253134.0,345675.4,251192.3,251164.8,175561.4,11906.5,233874.3,290012.1,40974.6,29792.9,29789.8,20800.8,1449.8,28140.8,34687.6,877.5,734.3,734.2,666.5,161.1,798.6,736.1,521841.7,511426.1,511386.7,513509.4,532164.6,467567.4,484190.9
01-OE-C2,,155349,141963,141917,132906,1444,6619,17821,100.00%,91.38%,91.35%,85.55%,0.93%,4.26%,11.47%,100.00%,91.38%,99.97%,93.65%,1.02%,4.66%,12.56%,397442.5,394113.5,394143.9,371567.2,206954.8,840304.7,677970.2,456966.3,410816.7,410845.5,381969.6,188918.4,978354.4,780909.0,1096.9,1074.1,1074.1,991.1,453.1,2703.5,2165.8,100728.6,100513.6,100521.6,90241.8,24110.9,304301.2,219633.4,3686.1,3652.2,3652.5,3262.6,823.9,11382.2,8115.5,1425.2,1420.9,1421.0,1275.1,333.9,4322.0,3112.1,849.5,844.6,844.6,759.1,206.2,2541.1,1835.5,873727.3,872599.3,872150.5,801274.7,291410.5,2280723.3,2084373.6,493171.9,490468.6,490078.5,450228.3,153472.3,1284055.1,1205720.6,181909.4,180927.5,180822.4,164900.8,50765.9,497723.6,441430.9,55005.2,54755.2,54725.8,49865.1,15094.5,151464.0,134206.8,404207.4,403596.2,403634.0,361646.0,85429.3,1237105.3,884630.2,315692.9,315845.4,315870.5,282419.9,66875.1,979866.8,694284.1,359081.0,359491.3,359519.5,321383.3,76679.5,1116515.9,788686.0,42566.8,42613.8,42617.0,38079.9,9044.6,132683.5,93403.6,2185.7,2202.7,2202.7,2151.2,1691.5,3226.9,3033.5,1820090.0,1846632.8,1846848.8,1843817.9,1749073.4,1914369.3,1806609.9,107.04%,50.50%,50.48%,45.03%,16.11%,25.99%,32.37%,295.54%,59.33%,59.32%,52.93%,20.98%,26.70%,34.01%,91.21%,68.68%,68.66%,62.23%,56.78%,33.71%,39.70%,84.41%,67.06%,67.04%,52.62%,15.98%,22.07%,37.42%,95.41%,73.11%,73.09%,58.95%,54.26%,27.79%,42.65%,87.76%,72.24%,72.23%,59.15%,69.84%,28.34%,42.08%,93.68%,77.01%,77.00%,66.93%,130.67%,29.19%,43.80%,79.91%,70.33%,69.99%,61.97%,76.52%,35.81%,28.42%,83.05%,73.70%,73.03%,65.62%,80.92%,37.93%,28.09%,81.89%,70.90%,70.50%,61.30%,67.49%,31.73%,26.77%,82.45%,71.41%,71.06%,61.78%,67.38%,31.97%,26.96%,84.73%,67.46%,67.44%,52.61%,13.61%,20.74%,37.08%,84.84%,68.93%,68.91%,53.70%,16.07%,22.80%,39.10%,84.85%,69.24%,69.22%,53.96%,17.09%,23.49%,39.83%,85.14%,69.53%,69.51%,54.17%,17.61%,23.83%,40.34%,34.02%,29.59%,29.59%,27.96%,8.82%,22.13%,22.12%,37.94%,36.30%,36.28%,36.36%,38.33%,34.48%,37.86%,309715.0,319279.8,319296.9,311958.7,205736.0,828890.7,642364.9,316583.0,327330.9,327365.4,317966.8,183642.8,981505.5,730942.1,853.1,885.3,885.3,856.4,450.9,2656.1,2035.7,77162.8,80551.7,80564.1,77837.0,24386.7,288305.9,207038.8,2768.8,2884.8,2885.0,2780.7,808.9,10844.3,7574.1,1107.4,1152.4,1152.5,1111.4,332.5,4127.7,2913.4,684.1,712.0,712.1,684.0,205.0,2438.1,1729.1,705718.0,718534.9,718551.9,701802.9,255793.8,2240316.5,1949227.1,402363.4,411059.0,411070.8,398266.5,128825.8,1245158.1,1112202.3,146627.3,150267.5,150271.6,145265.1,43378.1,485060.6,405431.4,44280.1,45432.6,45433.4,43907.5,12770.8,147208.5,123325.1,311067.5,324950.7,324981.1,313891.2,88563.5,1159050.3,829128.4,241089.8,251842.1,251871.3,243192.1,68775.8,920461.4,648197.1,273856.5,285955.1,285978.8,276101.4,78887.9,1049579.1,735729.8,32423.1,33811.1,33821.3,32665.9,9256.2,124780.5,87100.5,1875.9,1890.6,1890.6,1872.0,1680.4,3129.3,2977.1,1843940.0,1868284.0,1868469.0,1863538.0,1726845.0,1957073.0,1820221.0,425408.9,199012.7,198980.6,167330.8,33341.0,218359.1,219432.4,1350496.5,243751.2,243709.3,202174.0,39627.6,261258.2,265563.4,1000.5,737.7,737.5,616.7,257.3,911.4,859.8,85024.7,67406.5,67393.5,47488.9,3852.8,67160.6,82176.9,3516.9,2670.0,2669.5,1923.2,447.0,3163.6,3461.2,1250.8,1026.5,1026.4,754.3,233.2,1224.9,1309.5,795.8,650.5,650.4,508.1,269.5,741.7,804.0,698217.0,613694.3,610388.4,496565.1,222976.0,816697.5,592447.1,409566.3,361464.7,357922.3,295417.3,124185.3,486978.6,338638.6,148960.9,128279.4,127480.0,101082.5,34264.2,157949.0,118168.9,45349.0,39102.1,38890.1,30809.0,10170.4,48430.0,36175.8,342475.3,272247.8,272198.5,190269.1,11629.1,256597.8,328010.0,267839.6,217717.7,217672.5,151664.6,10747.5,223386.1,271494.9,304689.0,248912.1,248859.8,173431.2,13103.8,262269.4,314142.8,36240.4,29629.1,29622.7,20627.8,1592.9,31614.8,37683.5,743.5,651.9,651.7,601.6,149.1,714.1,671.1,690463.8,670272.1,670089.2,670391.8,670465.5,660011.4,684060.9
01-OE.AZ-D2,,135832,121692,121635,110868,1228,8461,21721,100.00%,89.59%,89.55%,81.62%,0.90%,6.23%,15.99%,100.00%,89.59%,99.95%,91.15%,1.01%,6.96%,17.86%,412569.8,402764.2,402839.4,369219.8,213570.0,831692.6,664860.8,483263.7,422486.1,422579.0,380672.3,199292.2,955976.3,764679.1,1051.9,1006.8,1007.0,903.7,415.4,2328.2,1900.4,115214.2,112568.2,112605.4,96750.2,23260.8,317292.6,227455.8,4440.0,4311.2,4312.7,3675.1,790.4,12534.9,8809.7,1693.8,1654.4,1655.0,1416.6,321.7,4734.6,3351.6,998.6,972.0,972.4,834.0,194.4,2758.7,1969.2,1008336.1,995749.7,995957.1,887697.6,275017.3,2402615.3,2141404.3,572501.0,563769.3,563816.5,502568.0,145990.1,1361010.6,1246088.1,213070.5,209007.5,209035.9,184190.9,48666.3,531737.3,461104.1,64712.6,63485.1,63494.6,55871.8,14539.6,162494.6,140664.0,457749.4,447982.2,448136.2,384339.5,82495.2,1272607.9,907257.8,371962.3,364651.4,364778.2,311576.8,65258.8,1052307.8,739376.4,425149.5,417089.4,417234.8,356238.0,74735.4,1205527.6,843929.9,50434.1,49475.6,49492.8,42230.2,8812.8,143350.2,100024.2,2266.5,2282.0,2282.2,2200.1,1722.7,3332.2,3108.9,1590844.4,1594491.3,1594457.9,1602725.5,1664751.4,1481681.3,1466269.3,110.82%,52.54%,52.53%,45.74%,22.30%,26.59%,34.67%,309.75%,60.66%,60.64%,53.01%,28.75%,27.65%,35.36%,102.86%,71.94%,71.91%,65.65%,80.03%,38.02%,43.20%,93.20%,69.10%,69.07%,51.55%,19.55%,24.28%,40.05%,101.41%,74.93%,74.89%,57.72%,61.47%,28.44%,45.13%,96.90%,74.33%,74.29%,58.03%,84.80%,29.02%,44.88%,101.62%,78.36%,78.32%,65.65%,152.06%,30.06%,46.07%,84.98%,68.99%,68.85%,59.28%,95.96%,36.05%,30.65%,87.35%,72.22%,71.90%,62.98%,100.57%,38.88%,30.76%,88.39%,70.51%,70.30%,59.30%,85.07%,32.77%,29.52%,89.18%,71.08%,70.89%,59.78%,85.04%,32.98%,29.72%,92.30%,69.19%,69.15%,51.36%,16.64%,22.88%,39.47%,93.34%,71.04%,71.00%,52.57%,19.73%,24.69%,41.89%,93.47%,71.40%,71.37%,52.87%,21.06%,25.32%,42.64%,93.81%,71.74%,71.70%,53.11%,21.47%,25.69%,43.19%,36.72%,31.03%,31.03%,28.74%,12.17%,22.81%,23.08%,35.54%,34.68%,34.68%,34.74%,35.16%,32.56%,34.06%,314236.2,325987.4,326080.0,312834.0,207611.6,821616.9,632710.7,322181.3,335346.4,335444.9,318534.8,188278.8,951152.7,715625.5,797.7,828.6,828.8,784.8,392.1,2250.0,1774.4,84820.9,88918.9,88954.6,84120.2,23707.5,297686.1,211523.5,3213.6,3367.7,3369.2,3168.1,792.1,11810.0,8145.6,1261.3,1318.4,1318.7,1243.6,321.2,4476.0,3104.2,765.3,800.0,800.2,750.6,189.9,2635.0,1841.5,767671.6,788189.1,788377.7,755225.7,196265.3,2355264.5,1983139.4,448086.0,460405.8,460512.6,437644.9,99331.1,1314848.3,1139539.3,164655.0,169754.5,169785.3,161204.4,35233.3,513477.5,420723.4,49998.0,51542.8,51562.6,48920.3,10458.7,156996.3,128322.4,339658.3,356058.6,356139.0,336638.2,86197.1,1185657.4,843393.6,273367.5,286506.6,286622.4,270731.7,67644.6,978848.1,682686.8,311739.4,326987.4,327082.6,308595.8,77603.0,1120837.6,777964.4,36898.8,38740.3,38754.7,36555.9,9147.7,133304.6,92106.3,1929.9,1953.1,1953.3,1916.1,1697.5,3231.1,3048.3,1489319.0,1495480.5,1495412.0,1504800.0,1567439.0,1381321.0,1362030.0,457226.3,211597.9,211608.8,168897.7,47620.3,221186.0,230485.0,1496924.9,256259.9,256264.5,201812.3,57299.7,264345.3,270402.7,1081.9,724.3,724.1,593.3,332.5,885.1,820.9,107383.8,77787.9,77773.1,49877.6,4546.6,77039.5,91089.4,4502.8,3230.5,3229.9,2121.2,485.9,3565.1,3976.1,1641.4,1229.7,1229.5,822.0,272.8,1373.9,1504.2,1014.8,761.7,761.5,547.6,295.6,829.4,907.2,856860.1,686963.4,685766.1,526190.7,263906.7,866148.2,656304.8,500067.5,407130.2,405406.5,316522.0,146816.0,529135.6,383358.2,188338.6,147375.9,146947.0,109232.8,41399.2,174249.0,136120.7,57711.5,45123.7,45009.9,33398.4,12364.2,53587.2,41804.0,422488.8,309939.4,309888.1,197387.8,13725.9,291143.3,358066.8,347193.7,259032.1,258989.7,163805.6,12874.3,259812.5,309690.2,397375.2,297818.8,297769.2,188354.9,15741.2,305225.7,359886.0,47309.9,35494.1,35488.2,22428.8,1891.8,36829.0,43197.4,832.3,708.1,708.1,632.3,209.7,759.9,717.5,565322.9,553041.6,552962.1,556842.9,585343.8,482505.3,499421.4
01-OE.AZ-E2,,146452,132262,132250,123618,1277,6442,17926,100.00%,90.31%,90.30%,84.41%,0.87%,4.40%,12.24%,100.00%,90.31%,99.99%,93.47%,0.97%,4.87%,13.55%,392622.9,386188.8,386202.3,363125.6,210226.1,816843.8,654820.4,479574.6,433573.8,433585.9,401840.5,195530.7,1026376.0,822843.1,1134.7,1083.6,1083.6,997.9,482.5,2676.1,2158.7,105792.8,103078.3,103078.0,92130.9,24221.4,309418.0,218028.8,3999.0,3887.0,3886.9,3459.2,858.6,11950.7,8292.0,1533.9,1496.9,1496.9,1336.4,346.1,4521.9,3160.9,912.1,886.7,886.7,793.2,207.9,2652.7,1873.2,908774.7,901271.6,901114.1,831644.1,304400.9,2212938.3,2069501.1,511813.3,506281.5,506139.1,467246.5,160515.3,1242548.1,1197414.5,190877.1,187766.8,187725.4,171673.2,52930.4,491413.0,442656.9,57973.2,57026.5,57014.7,52096.4,15780.3,150082.1,135211.3,418071.8,407448.4,407450.5,363482.5,84884.8,1237543.0,864176.9,332685.2,325233.7,325233.3,289451.6,67194.9,1000498.1,688725.7,380363.1,372190.5,372189.9,331158.2,77266.2,1146510.3,786317.2,45133.3,44165.6,44165.5,39277.4,9131.7,136415.2,93220.3,2156.4,2171.7,2171.7,2118.3,1671.1,3170.5,2985.5,1799367.8,1812888.4,1812981.1,1812005.3,1744581.4,1841575.9,1774493.1,108.89%,48.85%,48.85%,43.06%,17.17%,24.17%,30.94%,259.58%,58.13%,58.13%,51.53%,25.19%,24.23%,31.98%,101.45%,67.57%,67.57%,61.40%,59.83%,32.15%,37.98%,92.92%,67.19%,67.19%,52.59%,17.45%,21.94%,38.59%,99.41%,72.69%,72.69%,58.55%,53.23%,27.11%,43.76%,94.87%,72.05%,72.05%,58.60%,74.80%,27.75%,43.54%,99.42%,76.70%,76.70%,66.28%,133.38%,28.77%,44.76%,82.29%,67.93%,67.88%,60.68%,79.89%,37.40%,28.04%,84.98%,70.97%,70.85%,64.15%,83.33%,39.91%,27.65%,86.20%,68.91%,68.83%,60.30%,70.32%,33.21%,26.49%,87.08%,69.61%,69.54%,60.93%,70.62%,33.71%,26.77%,93.31%,67.47%,67.47%,52.46%,14.02%,20.57%,38.22%,92.90%,69.04%,69.04%,53.63%,17.21%,22.56%,40.59%,92.75%,69.39%,69.39%,53.94%,18.70%,23.23%,41.37%,93.06%,69.71%,69.71%,54.17%,19.21%,23.63%,41.92%,34.16%,28.88%,28.88%,27.16%,10.04%,21.12%,21.26%,37.60%,36.68%,36.67%,36.66%,37.88%,36.71%,37.99%,307895.8,317159.4,317183.3,309719.3,209178.9,808541.6,625095.9,338187.3,349905.3,349910.1,338979.9,189219.3,1030452.3,781210.1,863.8,894.1,894.1,863.3,476.3,2650.2,2045.4,78797.8,82021.8,82020.4,79140.2,24828.3,292611.5,204200.3,2939.1,3057.0,3057.0,2938.6,835.2,11408.0,7695.4,1162.9,1208.1,1208.1,1162.1,336.7,4309.2,2936.6,713.5,740.3,740.3,709.8,203.1,2557.6,1760.9,723769.5,740843.1,740819.8,721739.9,265738.7,2199116.0,1934103.8,415003.2,425397.0,425387.9,412622.2,134432.6,1219789.8,1108478.0,152007.7,156194.3,156189.0,151141.7,45102.5,482590.0,407235.4,46085.3,47397.8,47396.7,45832.6,13197.6,147591.0,124298.5,313431.9,326195.7,326192.7,314782.3,88005.2,1162757.9,807135.2,247544.7,257711.9,257707.8,248441.0,69664.3,937863.7,641287.6,282493.4,294160.1,294153.8,283446.9,80212.5,1075428.9,730941.0,33471.1,34849.8,34849.5,33578.1,9450.0,127992.0,86583.6,1869.1,1884.6,1884.6,1865.7,1661.3,3098.2,2958.6,1775046.8,1787044.3,1787124.8,1786582.3,1710206.8,1816996.3,1733016.3,427540.4,188650.0,188651.3,156366.1,36089.6,197436.5,202612.8,1244883.1,252036.9,252039.0,207075.5,49249.9,248740.6,263125.8,1151.2,732.2,732.2,612.7,288.7,860.4,819.8,98303.5,69261.7,69261.5,48452.4,4227.1,67900.4,84145.5,3975.5,2825.6,2825.5,2025.5,457.1,3240.3,3628.4,1455.2,1078.5,1078.5,783.2,258.8,1255.0,1376.2,906.7,680.1,680.1,525.7,277.3,763.2,838.5,747839.2,612268.3,611657.3,504669.8,243175.9,827605.5,580316.9,434942.5,359320.4,358581.5,299719.6,133751.6,495848.6,331029.0,164531.5,129395.6,129219.4,103518.2,37219.4,163175.5,117268.2,50483.2,39698.2,39650.6,31744.6,11144.8,50595.1,36199.1,390101.8,274923.8,274924.8,190666.6,11897.1,254568.4,330249.1,309050.4,224552.0,224551.4,155247.3,11561.9,225729.2,279552.1,352793.3,258256.3,258255.5,178634.3,14446.8,266364.5,325269.6,41999.1,30787.5,30787.4,21277.7,1754.3,32230.0,39078.0,736.6,627.2,627.1,575.3,167.8,669.8,634.8,676550.8,664945.5,664867.6,664327.4,660764.8,676094.4,674126.0
01-OE.AZ-F2,,146312,129076,129052,119920,1206,6968,18718,100.00%,88.22%,88.20%,81.96%,0.82%,4.76%,12.79%,100.00%,88.22%,99.98%,92.92%,0.93%,5.40%,14.50%,406051.3,399399.2,399434.5,373906.8,210070.4,824922.1,671006.8,493536.0,443592.4,443633.9,408909.8,196106.0,1022440.5,833831.9,1166.9,1107.8,1107.8,1013.8,464.5,2674.2,2185.4,108766.6,105571.1,105580.6,93482.4,23854.2,309697.3,221114.0,4129.3,3998.8,3999.1,3524.6,844.9,11992.4,8417.7,1580.3,1537.3,1537.5,1360.1,344.9,4529.5,3204.6,943.9,914.8,914.9,811.2,200.8,2664.6,1905.9,938606.7,925526.7,925423.8,846357.6,342952.3,2252302.0,2088843.8,524238.8,515299.5,515179.8,471141.6,182248.5,1256303.4,1195895.9,195938.0,191648.5,191616.9,173451.2,59168.7,497580.2,443897.3,59570.4,58272.6,58263.8,52676.8,17602.4,152386.6,135751.1,431588.3,419158.6,419196.0,370211.9,83869.8,1246529.5,881318.3,343356.8,334544.3,334573.2,294830.9,66348.9,1005674.8,701740.2,391725.4,382069.7,382102.8,336656.4,76087.6,1149617.8,799185.3,46430.6,45287.9,45291.8,39886.4,8974.0,136589.4,94616.8,2178.1,2195.1,2195.2,2138.1,1683.2,3154.1,2985.2,1768324.4,1791865.1,1791978.0,1790358.8,1722819.4,1827421.4,1756710.1,107.92%,49.70%,49.69%,44.08%,18.30%,25.06%,31.57%,253.03%,58.84%,58.84%,52.52%,26.09%,25.02%,31.98%,105.28%,68.75%,68.75%,62.78%,62.96%,33.34%,38.98%,95.31%,67.39%,67.38%,51.99%,19.20%,23.42%,38.78%,101.88%,72.55%,72.55%,57.40%,52.32%,28.68%,44.14%,96.98%,71.94%,71.93%,57.61%,71.14%,29.28%,43.94%,101.19%,76.43%,76.42%,65.42%,133.90%,30.14%,45.16%,84.88%,67.88%,67.82%,60.28%,87.45%,36.39%,28.21%,87.25%,70.83%,70.68%,63.60%,90.59%,38.92%,27.98%,88.36%,68.91%,68.81%,59.68%,77.66%,32.52%,26.91%,89.22%,69.62%,69.54%,60.29%,77.22%,32.87%,27.18%,95.32%,67.79%,67.78%,51.98%,15.72%,21.70%,38.30%,95.11%,69.21%,69.20%,52.84%,19.19%,24.21%,40.88%,95.04%,69.53%,69.52%,53.07%,20.58%,25.03%,41.74%,95.33%,69.84%,69.84%,53.28%,21.21%,25.48%,42.32%,34.64%,28.72%,28.72%,27.02%,10.88%,21.08%,21.06%,40.48%,38.99%,38.98%,39.02%,40.47%,38.17%,40.22%,315208.4,327899.8,327930.3,318287.9,205224.1,818040.4,642312.4,341348.7,356527.3,356577.1,343339.5,187073.4,1027182.2,795003.8,867.3,907.5,907.6,871.3,447.4,2633.0,2071.7,79980.8,84101.3,84104.8,80632.1,24324.4,293234.1,205864.1,3010.3,3155.5,3155.6,3021.6,842.7,11453.8,7776.1,1186.3,1241.9,1241.9,1189.9,342.7,4316.3,2960.0,729.5,763.7,763.7,729.5,204.1,2554.7,1778.3,729367.0,747609.0,747635.9,725694.0,299115.4,2225726.5,1958293.8,417496.6,428338.8,428370.5,413036.7,150040.6,1232187.9,1105824.3,152940.5,157666.1,157670.1,151740.6,48707.8,486966.6,407441.6,46407.4,47887.7,47888.2,46054.4,14436.9,148910.3,124563.5,319287.2,335165.6,335190.3,321910.3,87861.8,1170758.0,820020.4,253124.8,265726.6,265745.2,254798.2,69226.5,943769.2,649062.8,288531.8,302885.7,302910.3,290399.0,79383.5,1078648.4,738188.0,34136.5,35868.1,35871.5,34367.9,9350.2,127991.3,87251.0,1885.8,1906.4,1906.4,1882.6,1661.3,3071.9,2942.8,1789195.9,1806759.9,1806928.9,1805039.4,1722952.9,1850609.4,1759534.4,438199.9,198494.3,198494.7,164808.7,38440.9,206708.0,211850.3,1248808.0,261011.9,261015.0,214753.8,51171.7,255855.3,266674.7,1228.5,761.6,761.6,636.5,292.5,891.5,851.9,103668.9,71142.3,71141.8,48602.6,4580.4,72526.2,85754.0,4206.9,2901.2,2901.2,2023.1,442.1,3439.3,3715.9,1532.6,1105.9,1105.9,783.6,245.4,1326.4,1408.1,955.2,699.2,699.2,530.7,268.8,803.0,860.7,796698.8,628289.3,627599.7,510200.6,299920.5,819555.8,589365.6,457419.0,364973.4,364107.3,299624.2,165094.1,488953.7,334643.7,173126.8,132060.3,131860.2,103523.3,45951.2,161789.0,119433.7,53151.3,40568.4,40514.8,31756.8,13592.7,50096.6,36897.2,411370.3,284146.8,284143.5,192438.9,13181.2,270486.1,337551.4,326574.7,231541.0,231538.5,155786.2,12729.4,243431.4,286904.2,372284.3,265646.1,265643.4,178663.6,15661.1,287728.3,333547.4,44264.2,31630.5,31630.2,21251.2,1903.8,34806.2,40041.8,754.4,630.4,630.4,577.7,183.1,664.8,628.8,715864.9,698607.9,698527.8,698630.2,697301.3,697448.8,706607.6
01-KO1-A3,,153286,140195,140186,133130,329,5852,14899,100.00%,91.46%,91.45%,86.85%,0.21%,3.82%,9.72%,100.00%,91.46%,99.99%,94.97%,0.23%,4.17%,10.63%,332591.1,336946.0,336948.7,318869.6,203726.3,714858.8,618315.1,414427.7,379430.7,379427.6,356020.4,218372.1,870370.5,783551.0,786.3,789.1,789.0,738.2,440.7,1851.8,1677.5,108645.8,110980.0,110975.1,101147.0,21749.2,319487.0,236520.5,4727.8,4808.6,4808.4,4365.0,837.4,14213.3,10224.9,1799.9,1836.8,1836.7,1668.0,352.7,5417.2,3891.8,1044.2,1063.3,1063.2,967.1,223.5,3103.4,2264.7,942578.9,959651.4,959476.1,899801.4,605271.1,2208701.0,2018323.1,532255.4,540375.4,540238.4,507362.7,347922.9,1228241.8,1149305.9,197659.3,200864.1,200822.8,187168.9,108544.0,487716.4,431351.4,60125.6,61121.4,61109.5,56926.3,33073.1,148992.7,131516.1,421226.7,430124.6,430110.2,391566.2,79195.0,1248300.6,921307.8,358162.0,366544.9,366531.6,332680.4,57466.1,1085665.0,780528.2,415153.9,425197.9,425182.1,385716.3,64027.5,1263699.8,902850.8,49429.8,50628.8,50626.9,45904.7,7538.5,150973.1,107428.8,1985.8,2018.2,2018.1,1972.0,1686.6,2969.4,2887.5,1808825.1,1822596.9,1822653.3,1823882.5,1862404.5,1786881.8,1778645.1,118.06%,41.87%,41.87%,34.74%,20.18%,25.10%,27.80%,332.15%,51.22%,51.22%,43.45%,31.86%,32.46%,29.93%,89.95%,63.33%,63.32%,57.28%,64.54%,40.89%,36.96%,78.33%,58.17%,58.16%,43.97%,21.93%,24.01%,36.11%,85.09%,62.81%,62.80%,49.12%,56.88%,26.49%,40.44%,82.27%,63.11%,63.09%,49.55%,78.56%,27.30%,41.07%,85.96%,66.80%,66.78%,55.67%,132.74%,28.49%,41.68%,68.40%,50.42%,50.32%,41.99%,51.31%,32.92%,27.01%,69.32%,51.48%,51.29%,43.34%,51.10%,35.30%,26.66%,69.57%,51.11%,50.97%,41.46%,47.46%,28.89%,25.24%,69.69%,51.32%,51.20%,41.62%,47.87%,28.79%,25.30%,77.77%,58.05%,58.04%,43.62%,19.09%,22.35%,35.38%,79.34%,60.21%,60.20%,45.35%,23.30%,24.06%,38.39%,79.54%,60.81%,60.80%,45.92%,25.76%,24.73%,39.23%,80.11%,61.21%,61.20%,46.27%,26.66%,25.07%,39.73%,29.26%,24.13%,24.13%,21.63%,14.92%,22.19%,21.25%,37.34%,36.49%,36.48%,36.48%,35.67%,36.58%,37.20%,287769.3,295518.5,295517.3,290570.0,197801.1,698339.8,596547.4,315170.8,324645.3,324644.2,317459.2,204759.5,857906.9,741488.6,668.5,692.8,692.8,674.2,420.1,1792.2,1593.6,89082.5,92588.2,92588.0,90140.0,21787.1,300685.6,218751.4,3830.9,3991.8,3991.8,3875.9,803.3,13490.9,9436.6,1475.9,1536.8,1536.8,1492.4,365.2,5144.0,3577.5,876.9,916.9,916.9,886.8,218.8,2971.8,2109.6,756393.2,776934.5,776922.4,757596.6,609281.0,2185157.0,1901166.4,445477.5,456609.9,456596.3,445824.3,338592.7,1210717.5,1070321.1,166540.1,171225.9,171219.5,167112.6,105165.0,476323.9,398887.3,50776.8,52250.0,52247.9,50986.9,31917.4,145341.9,121520.3,348279.5,361954.5,361953.8,352376.6,82470.0,1166709.5,856992.5,292490.3,304550.5,304549.5,296186.1,57954.3,1013000.5,719736.4,337823.4,352042.3,352040.9,342047.1,63419.8,1182196.9,831003.4,40174.6,41824.4,41824.4,40653.6,7395.6,141303.8,98705.5,1838.2,1852.3,1852.3,1840.3,1694.7,2877.3,2852.7,1781999.5,1789416.0,1789519.0,1790652.5,1855309.0,1739447.0,1726516.0,392648.5,141081.9,141083.5,110770.7,41115.3,179458.5,171916.1,1376539.8,194336.0,194333.0,154689.1,69581.9,282493.4,234536.1,707.3,499.7,499.6,422.9,284.4,757.2,620.1,85106.0,64559.4,64537.9,44471.8,4769.4,76701.4,85413.9,4022.8,3020.4,3019.6,2144.0,476.4,3764.5,4134.9,1480.7,1159.1,1158.7,826.5,277.0,1479.1,1598.5,897.6,710.2,710.0,538.3,296.7,884.1,944.0,644694.9,483882.9,482763.1,377857.2,310594.4,727026.7,545232.3,368949.8,278206.8,277094.6,219886.5,177803.6,433553.0,306376.9,137502.8,102651.7,102367.1,77592.1,51512.8,140889.7,108879.7,41901.2,31366.1,31287.8,23693.5,15830.7,42896.1,33272.6,327607.7,249688.8,249621.9,170784.6,15121.5,279020.6,325997.5,284174.2,220709.3,220645.0,150861.8,13387.2,261262.1,299628.4,330210.5,258570.4,258492.5,177136.2,16493.2,312545.5,354211.4,39600.5,30991.3,30981.6,21238.1,2009.5,37848.5,42679.6,581.1,487.0,486.9,426.5,251.7,659.0,613.5,675436.6,664978.6,664927.2,665337.4,664360.6,653600.8,661661.3
01-KO1-B3,,137423,126643,126639,122155,173,3729,11368,100.00%,92.16%,92.15%,88.89%,0.13%,2.71%,8.27%,100.00%,92.16%,100.00%,96.46%,0.14%,2.94%,8.98%,302688.2,304915.2,304909.4,292825.4,199095.9,663503.7,561537.9,402491.6,365593.9,365584.4,347902.1,206028.9,891470.6,767476.9,767.0,770.3,770.3,730.9,391.3,1945.4,1666.8,103322.5,105374.2,105371.1,98669.6,21315.1,307597.4,222618.9,4488.8,4550.6,4550.5,4252.5,821.6,13551.1,9556.2,1699.7,1730.1,1730.0,1617.3,316.0,5133.2,3608.3,990.2,1006.2,1006.1,941.5,227.0,2958.1,2112.1,924290.1,943272.8,943096.8,899148.4,657506.2,2246003.0,1991487.6,532030.8,542320.9,542203.0,517111.3,385826.1,1285866.5,1158699.8,195989.9,199704.8,199669.0,189560.8,120152.5,500812.0,429469.8,59320.9,60452.2,60441.6,57374.0,36510.7,151836.3,130128.5,407690.8,415855.4,415842.1,388971.2,79674.3,1227557.3,885512.6,344544.4,352065.9,352056.3,328799.7,57482.8,1055510.9,742306.9,397928.9,406855.3,406845.1,379910.5,63551.1,1221701.6,854220.4,47309.9,48374.5,48373.3,45154.7,7416.8,145761.7,101492.3,1962.1,1990.0,1990.0,1957.6,1719.5,2930.8,2845.3,1846141.4,1852113.5,1852133.8,1851633.8,1872572.9,1865480.1,1820900.0,120.93%,38.27%,38.27%,32.02%,20.24%,24.42%,26.67%,355.66%,48.45%,48.45%,40.97%,27.37%,31.51%,29.96%,81.66%,60.15%,60.13%,53.94%,71.09%,39.09%,36.54%,67.79%,52.14%,52.13%,40.40%,20.07%,22.45%,33.93%,76.59%,56.69%,56.69%,45.71%,55.62%,25.20%,38.08%,71.88%,56.96%,56.96%,46.04%,80.31%,26.55%,39.07%,76.41%,61.70%,61.69%,52.95%,119.67%,27.62%,40.16%,62.73%,47.09%,46.88%,39.43%,43.04%,33.16%,27.15%,63.58%,48.02%,47.80%,40.48%,43.39%,35.08%,26.86%,63.24%,47.27%,47.12%,38.70%,40.94%,28.88%,25.38%,63.34%,47.38%,47.24%,38.82%,41.01%,28.86%,25.40%,67.92%,52.27%,52.25%,40.35%,17.80%,20.50%,33.21%,68.73%,53.95%,53.94%,41.80%,20.50%,22.39%,35.87%,68.83%,54.43%,54.43%,42.31%,22.54%,23.18%,36.67%,69.18%,54.84%,54.84%,42.67%,23.93%,23.58%,37.20%,26.55%,21.49%,21.49%,19.34%,15.09%,21.90%,20.99%,35.61%,35.20%,35.20%,35.20%,32.88%,35.39%,36.31%,268349.4,274703.9,274703.5,271674.5,194564.6,655264.9,544248.9,311686.8,319541.6,319539.0,314900.9,199434.0,888102.7,723880.6,670.2,690.6,690.6,678.1,384.5,1907.7,1578.1,87946.1,90564.4,90564.4,89200.4,21731.4,292017.1,205774.5,3776.4,3900.0,3900.0,3830.4,804.6,12935.3,8814.5,1451.1,1497.1,1497.1,1470.7,329.0,4881.1,3320.1,862.4,893.3,893.3,874.1,235.1,2830.2,1977.0,763186.8,780483.6,780479.2,769188.2,666811.0,2233894.8,1866039.9,456164.6,467172.9,467172.4,460028.0,380687.3,1279961.1,1070822.9,169515.1,173939.1,173937.2,171257.6,117686.7,491738.7,395670.3,51453.5,52793.0,52792.9,51993.9,36240.8,149124.3,119879.0,349155.4,360191.1,360191.1,354382.9,81919.3,1152296.1,823787.9,292757.9,301775.1,301775.1,296992.2,58826.8,993643.8,684144.8,337171.9,347855.7,347855.7,342076.6,65097.2,1149202.4,785045.1,40020.4,41301.5,41301.5,40614.0,7710.1,137361.0,93320.9,1856.0,1868.7,1868.7,1860.9,1717.1,2845.6,2801.4,1768948.0,1767608.0,1767610.0,1768225.0,1815800.0,1742631.0,1701264.5,366047.3,116704.9,116692.7,93761.3,40292.7,162007.3,149752.4,1431497.5,177128.8,177109.9,142540.6,56389.4,280860.6,229960.0,626.3,463.3,463.2,394.2,278.2,760.5,609.0,70044.1,54942.4,54931.6,39866.0,4278.7,69044.5,75532.2,3437.8,2579.8,2579.6,1943.8,457.0,3415.1,3639.3,1221.7,985.5,985.3,744.5,253.8,1363.0,1409.9,756.6,620.8,620.7,498.5,271.6,817.1,848.3,579778.8,444153.3,442120.6,354557.8,282979.6,744773.4,540675.1,338247.3,260436.0,259170.8,209323.1,167420.6,451041.3,311214.9,123940.8,94401.8,94091.0,73366.9,49186.1,144647.0,109014.0,37571.6,28643.4,28554.0,22270.5,14974.4,43820.3,33047.4,276906.7,217354.2,217297.3,156967.7,14182.7,251589.8,294105.8,236808.4,189952.1,189916.3,137437.6,11784.5,236281.3,266294.4,273913.7,221468.3,221432.2,160722.5,14322.4,283214.5,313251.3,32729.2,26529.8,26525.5,19268.1,1774.8,34366.6,37751.4,521.0,427.7,427.7,378.6,259.5,642.0,597.1,657469.9,651986.3,651962.0,651761.6,615722.0,660161.7,661225.8
01-KO1-C3,,150177,132978,132951,126529,188,5427,15384,100.00%,88.55%,88.53%,84.25%,0.13%,3.61%,10.24%,100.00%,88.55%,99.98%,95.17%,0.14%,4.08%,11.57%,306613.9,317680.7,317695.7,301029.9,196814.4,672212.4,561367.6,404442.2,381346.8,381375.2,358029.4,219149.8,878235.9,744945.8,796.1,815.2,815.2,762.3,418.4,1943.6,1642.0,108879.3,112804.5,112804.4,103351.1,21633.9,316938.9,231364.3,4768.8,4916.9,4917.0,4494.1,781.8,14056.4,10046.9,1804.3,1866.1,1866.2,1706.1,319.8,5325.2,3799.0,1050.2,1085.2,1085.3,993.6,191.3,3069.4,2209.6,959277.9,979175.7,978727.6,918618.2,763541.1,2253230.5,1981381.8,553724.3,563972.0,563642.6,529159.0,442730.6,1294981.0,1155492.0,204544.1,209172.1,209077.7,195053.3,134816.1,508156.2,432713.4,62027.5,63462.6,63435.2,59157.5,40736.6,154672.9,131583.5,423745.5,439330.6,439337.9,402100.1,78796.9,1243367.6,903158.3,360861.5,374660.4,374665.5,342092.1,58367.6,1078597.5,767202.6,418312.8,434497.8,434503.8,396578.7,64929.3,1254250.3,887846.0,49851.0,51779.6,51780.3,47236.9,7551.2,149998.5,105764.5,1980.6,2020.1,2020.1,1975.7,1727.1,2943.6,2797.7,1739803.0,1785219.6,1785452.5,1787011.6,1817664.9,1750950.3,1723218.5,117.98%,40.55%,40.55%,33.12%,25.47%,25.62%,29.77%,318.49%,49.29%,49.29%,41.08%,48.35%,30.95%,32.24%,85.14%,60.67%,60.63%,53.66%,77.07%,39.47%,38.51%,74.53%,55.26%,55.26%,41.50%,24.52%,23.71%,35.46%,83.42%,59.14%,59.13%,46.10%,59.50%,26.04%,39.01%,78.72%,59.57%,59.56%,46.61%,83.00%,27.19%,39.81%,82.69%,63.47%,63.45%,52.87%,137.52%,28.40%,40.94%,65.82%,49.50%,49.34%,40.88%,73.60%,32.41%,28.61%,67.10%,50.50%,50.26%,41.96%,79.81%,33.87%,28.07%,67.31%,50.10%,49.96%,40.35%,73.06%,28.27%,26.49%,67.52%,50.35%,50.23%,40.59%,70.81%,28.32%,26.52%,73.69%,55.21%,55.21%,41.31%,18.78%,22.06%,34.94%,74.98%,56.98%,56.98%,42.64%,21.43%,23.92%,37.45%,75.24%,57.47%,57.47%,43.09%,24.17%,24.66%,38.20%,75.63%,57.87%,57.87%,43.40%,26.38%,25.05%,38.73%,27.46%,22.65%,22.64%,20.03%,18.47%,21.77%,22.05%,40.95%,38.77%,38.76%,38.74%,39.36%,39.27%,40.91%,270587.2,281450.1,281460.3,276895.2,187238.1,659099.1,546026.1,317569.3,331154.4,331185.3,324267.2,206638.6,861999.3,707834.3,687.5,724.1,724.1,705.2,387.4,1890.8,1561.2,90751.5,95180.8,95177.9,92950.0,21599.2,298093.1,215200.7,3941.8,4152.3,4152.3,4042.9,743.8,13305.8,9347.3,1510.2,1589.3,1589.3,1548.1,304.8,5039.2,3520.1,898.8,950.4,950.4,921.6,191.1,2931.5,2066.7,779826.0,804092.3,804023.8,784314.7,681210.1,2223096.3,1844367.6,466126.8,480203.0,480176.7,468763.3,394884.5,1272468.8,1063626.5,173561.0,179797.8,179786.3,175535.7,123690.8,496197.9,397492.3,52737.5,54670.3,54666.6,53391.3,37364.6,150847.4,120733.4,356198.0,373985.7,373986.1,364886.9,81499.1,1154564.8,844125.8,300140.1,315756.1,315753.0,307799.1,58415.1,1004107.1,711563.6,347108.6,364979.1,364973.6,355781.3,64577.0,1169201.3,822963.3,41335.9,43476.5,43476.4,42353.8,7512.8,139915.9,97853.7,1860.4,1878.6,1878.6,1867.6,1690.9,2867.6,2751.7,1673979.4,1719811.4,1720042.4,1723413.4,1749266.9,1634326.4,1614809.9,361755.7,128828.9,128832.3,99692.0,50137.9,172234.8,167110.7,1288125.6,187962.5,187963.2,147074.9,105956.1,271787.0,240194.9,677.9,494.6,494.3,409.0,322.5,767.1,632.3,81148.6,62333.4,62333.6,42890.0,5304.5,75155.5,82033.1,3978.3,2907.7,2907.6,2071.7,465.1,3660.4,3918.9,1420.4,1111.6,1111.5,795.3,265.4,1447.8,1512.5,868.5,688.8,688.6,525.4,263.1,871.8,904.7,631441.4,484673.2,482919.9,375572.9,561960.4,730294.3,566947.3,371556.4,284789.8,283275.5,222038.8,353346.3,438586.3,324308.8,137674.5,104794.1,104463.1,78705.0,98501.5,143667.0,114617.2,41881.8,31956.4,31864.5,24013.1,28846.7,43803.8,34902.3,312273.3,242557.1,242557.4,166108.1,14801.4,274228.0,315538.7,270586.0,213476.4,213476.6,145871.0,12511.0,258011.5,287334.2,314742.4,249714.2,249714.3,170880.8,15692.1,309330.4,339150.2,37699.9,29962.9,29962.9,20501.8,1992.1,37568.5,40958.3,543.9,457.5,457.4,395.8,319.1,640.9,616.8,712381.8,692166.6,691982.2,692203.9,715459.5,687633.7,704954.7
01-KO1.AZ-D3,,46287,34146,34107,27115,67,6312,12868,100.00%,73.77%,73.69%,58.58%,0.14%,13.64%,27.80%,100.00%,73.77%,99.89%,79.50%,0.20%,18.51%,37.73%,393450.8,397630.5,397661.6,344888.2,203504.7,617748.8,525249.7,634840.8,509226.9,509151.7,422645.2,219960.0,869770.9,745510.1,1191.4,1106.8,1105.9,919.1,486.9,1886.2,1620.8,182811.7,180311.7,180159.5,137180.9,20052.9,359898.1,266219.8,8165.3,8066.3,8059.3,6135.0,911.2,16095.5,11773.4,3082.6,3054.4,3051.9,2319.1,376.0,6117.6,4462.7,1750.4,1724.0,1722.5,1314.1,214.5,3430.0,2517.3,1370714.1,1312639.6,1307379.3,1093178.8,959165.6,2197625.8,1978389.1,829592.6,788942.6,785332.3,655629.4,550988.7,1324646.1,1210530.9,327951.4,314057.4,312901.8,254804.1,166797.9,554995.8,481552.8,101485.5,97271.1,96924.9,78774.8,50777.7,172571.0,149447.2,701098.7,691511.8,690953.5,525490.9,77196.1,1382632.8,1023358.2,610530.6,606723.1,606218.7,456788.5,56316.3,1230866.5,893637.1,709943.6,707534.4,706952.1,531478.7,61618.5,1440451.1,1040515.8,84622.1,84353.8,84284.3,63224.0,7104.0,172317.2,124044.2,2041.0,2103.7,2102.8,1996.9,1744.1,2538.0,2418.7,1750843.1,1837829.0,1839192.9,1845509.1,1837159.3,1809543.6,1802184.1,160.23%,41.10%,41.07%,31.59%,24.22%,28.04%,33.42%,351.25%,54.00%,53.96%,43.64%,31.46%,34.70%,38.18%,126.79%,64.64%,64.50%,56.67%,55.97%,46.39%,47.85%,120.24%,61.04%,60.78%,37.69%,30.36%,30.81%,46.36%,119.47%,62.59%,62.33%,40.83%,53.03%,32.35%,48.86%,118.46%,63.19%,62.93%,41.17%,68.81%,32.95%,49.54%,119.49%,64.37%,64.13%,45.12%,144.67%,34.02%,50.22%,110.57%,57.00%,55.31%,44.19%,78.00%,40.11%,36.66%,112.23%,59.54%,57.50%,46.56%,72.60%,42.43%,37.11%,112.25%,56.94%,55.53%,41.56%,65.20%,35.65%,34.84%,112.15%,57.09%,55.77%,41.77%,64.39%,35.45%,34.85%,118.21%,60.15%,59.93%,36.16%,25.42%,29.35%,45.14%,119.35%,62.71%,62.48%,38.45%,25.60%,31.21%,48.44%,119.18%,63.54%,63.31%,39.38%,28.11%,31.90%,49.46%,119.83%,64.12%,63.89%,39.85%,30.33%,32.32%,50.12%,35.70%,20.58%,20.51%,17.12%,23.12%,19.13%,19.02%,40.24%,36.47%,36.39%,36.21%,40.73%,37.14%,37.82%,324986.2,357041.5,357112.3,327194.7,194039.6,603332.5,495788.3,387357.8,426058.3,426116.4,381240.8,207033.7,850725.6,686396.5,846.6,932.8,932.6,833.4,504.4,1779.6,1469.6,133373.0,151052.7,151042.8,131235.2,20121.6,329217.5,240494.8,5978.6,6786.7,6786.6,5866.1,907.1,14812.6,10624.8,2239.9,2543.0,2543.0,2201.3,368.4,5624.3,4029.4,1295.2,1463.2,1463.1,1267.2,178.2,3178.3,2272.1,1059745.8,1168201.3,1167300.5,996064.9,711607.0,2074752.6,1697759.5,629834.4,680826.6,680305.5,601390.4,429182.9,1247551.0,1058704.4,247357.0,271713.5,271577.0,238113.1,140328.7,523102.3,422506.1,76393.4,83940.1,83886.4,73617.3,42782.7,162661.5,131365.5,515270.1,580079.5,580035.2,506656.5,81132.0,1255314.3,925709.4,445943.4,506533.2,506467.3,438921.6,59667.3,1115045.8,804047.5,517835.8,589620.4,589602.6,509428.9,64282.4,1305409.5,934980.8,61486.9,70174.0,70170.1,60489.9,7435.7,156316.3,111305.3,1939.9,1987.9,1987.5,1923.0,1668.4,2443.5,2305.9,1715230.9,1809782.4,1811490.9,1824400.9,1880430.9,1752000.9,1754942.4,630445.1,163437.5,163305.3,108933.9,49284.4,173206.1,175559.8,2229904.5,275002.8,274757.9,184445.0,69202.8,301775.6,284664.4,1510.6,715.5,713.3,520.8,272.5,875.0,775.5,219813.3,110055.8,109506.1,51699.2,6087.8,110882.2,123421.7,9755.0,5049.0,5023.2,2505.1,483.2,5206.3,5753.0,3651.6,1930.0,1920.5,954.7,258.8,2015.7,2210.6,2091.6,1109.7,1104.7,592.9,310.3,1166.8,1264.1,1515576.4,748182.2,723050.8,483037.7,748140.3,881395.4,725227.1,931085.7,469725.0,451533.9,305266.5,400000.5,562027.9,449194.4,368130.2,178828.6,173753.7,105893.4,108746.7,197860.4,167794.8,113815.7,55532.8,54058.5,32907.5,32696.7,61171.3,52078.8,828798.6,415920.0,414099.1,190010.0,19619.6,405818.6,461911.1,728650.8,380494.9,378780.9,175620.1,14417.7,384196.5,432849.8,846102.9,449567.7,447564.5,209278.3,17322.2,459519.7,514676.0,101402.7,54091.8,53850.6,25196.5,2154.5,55691.8,62165.3,728.6,432.9,431.4,341.9,403.3,485.5,460.0,704495.1,670175.2,669276.0,668234.0,748219.3,672097.0,681566.2
01-KO1.AZ-E3,,42866,32679,32627,24889,49,7023,13721,100.00%,76.24%,76.11%,58.06%,0.11%,16.38%,32.01%,100.00%,76.24%,99.84%,76.28%,0.15%,21.53%,42.05%,405475.8,389940.8,389984.9,332568.2,198455.7,588344.6,502167.2,663502.5,499556.8,499498.3,404050.6,216066.6,828743.2,706890.1,1240.1,1117.3,1115.5,909.0,479.2,1830.0,1566.6,205895.8,195974.7,195671.3,144874.8,20395.2,371649.8,279401.4,9256.6,8808.7,8795.8,6523.8,877.3,16666.5,12412.7,3483.8,3326.3,3321.7,2454.8,366.2,6325.5,4694.3,1963.7,1863.6,1861.2,1382.5,151.6,3520.4,2622.9,1433155.0,1345608.8,1338970.8,1097161.9,862992.1,2173387.8,1950815.9,882282.7,823892.4,818793.6,668883.5,501379.1,1335632.4,1212565.9,357014.2,334140.7,332424.4,264231.5,154547.5,567815.3,491564.8,110408.4,103387.1,102877.5,81608.8,47339.1,176292.2,152356.5,779893.0,741860.1,740692.8,548031.3,76859.9,1407699.0,1057904.3,687880.6,659666.4,658660.8,482394.9,56866.6,1269049.6,937478.7,802143.6,771544.0,770402.5,562758.5,62959.4,1489523.5,1095535.4,95731.2,92126.6,91990.5,67033.9,7320.9,178421.4,130812.4,2059.6,2095.5,2094.2,1977.0,1650.2,2494.2,2378.6,1775034.3,1799874.6,1802008.9,1816662.3,1955459.5,1751653.8,1764243.4,182.53%,41.03%,41.00%,30.75%,20.56%,28.71%,33.96%,357.69%,54.10%,54.08%,42.41%,33.87%,35.72%,39.57%,125.84%,64.35%,64.11%,57.51%,61.62%,45.82%,47.32%,120.88%,60.43%,60.09%,35.83%,26.47%,31.82%,46.40%,119.54%,61.51%,61.18%,38.99%,62.17%,32.91%,48.50%,121.59%,62.28%,61.99%,39.42%,80.31%,33.55%,49.33%,127.21%,63.22%,62.96%,43.12%,183.43%,34.65%,50.11%,112.22%,56.97%,55.06%,43.43%,66.12%,40.53%,37.51%,113.99%,60.16%,57.22%,45.49%,59.02%,42.86%,38.24%,113.70%,57.31%,55.27%,40.06%,51.98%,36.56%,36.20%,113.43%,57.31%,55.46%,40.20%,50.91%,36.37%,36.20%,118.66%,59.39%,59.03%,34.09%,24.05%,30.20%,45.10%,119.40%,61.89%,61.55%,36.57%,23.09%,31.91%,48.21%,119.26%,62.73%,62.40%,37.63%,24.94%,32.58%,49.19%,119.58%,63.32%,62.99%,38.18%,26.65%,32.99%,49.82%,36.91%,19.83%,19.74%,15.96%,17.44%,18.41%,18.19%,40.20%,38.94%,38.81%,38.35%,31.70%,40.31%,40.27%,326049.1,349943.3,349996.5,317972.7,192187.3,571512.4,470159.2,391657.3,419456.2,419502.7,368122.5,199083.7,802093.4,640672.1,884.2,945.9,945.5,830.8,406.8,1725.6,1410.4,148852.3,163839.4,163754.6,140292.3,21368.2,339804.0,250476.0,6746.9,7397.1,7395.6,6282.0,906.6,15326.3,11208.9,2521.9,2782.1,2780.6,2350.7,380.6,5833.4,4201.3,1437.3,1574.9,1574.6,1337.5,118.8,3262.9,2362.8,1113319.4,1204208.1,1202915.3,1006448.3,740640.4,1995716.9,1675773.3,668614.5,714227.8,713503.5,618998.1,446019.4,1239474.9,1058086.8,267126.5,288174.2,287693.4,248427.7,141999.7,528900.6,430479.2,82435.5,88946.3,88876.8,76727.6,44589.7,163942.8,133495.0,568651.1,623915.5,623668.2,534413.8,81113.4,1277584.0,953992.9,499605.2,550651.3,550446.1,469400.3,60100.5,1149794.6,839610.2,582342.9,643018.5,642796.6,546787.1,64535.2,1351564.5,981628.4,69303.8,76685.5,76664.4,65042.7,7535.6,161928.3,117094.7,1953.6,1989.1,1988.6,1916.7,1585.9,2415.3,2279.9,1777015.9,1789372.4,1790722.4,1808878.4,2015410.4,1734167.4,1753533.4,740107.8,159979.0,159888.8,102250.2,40796.8,168891.0,170530.8,2373309.8,270275.5,270115.9,171374.5,73172.8,296050.8,279707.7,1560.5,719.0,715.2,522.7,295.3,838.5,741.4,248884.9,118419.7,117574.3,51901.5,5398.9,118266.4,129641.0,11065.6,5418.1,5381.3,2543.7,545.4,5484.3,6020.0,4235.8,2071.6,2059.1,967.6,294.1,2122.4,2315.8,2498.0,1178.2,1171.9,596.2,278.0,1219.9,1314.4,1608334.3,766624.1,737205.9,476511.3,570589.6,880810.6,731828.2,1005704.1,495628.0,468483.1,304262.2,295937.5,572406.1,463683.8,405939.2,191500.5,183745.2,105860.8,80327.0,207569.9,177964.9,125236.3,59255.9,57056.9,32804.2,24099.6,64123.0,55160.0,925404.4,440621.2,437263.3,186798.3,18487.7,425068.5,477138.0,821298.3,408256.3,405375.0,176404.1,13132.7,404954.2,451932.2,956675.1,483957.0,480726.4,211740.5,15701.2,485330.9,538846.6,114479.3,58333.3,57943.5,25592.8,1951.0,58856.4,65166.7,760.1,415.5,413.4,315.5,287.8,459.2,432.8,713566.3,700948.5,699394.2,696702.2,619843.5,706056.6,710525.3
01-KO1.AZ-F3,,50191,38232,38215,29434,58,7952,14791,100.00%,76.17%,76.14%,58.64%,0.12%,15.84%,29.47%,100.00%,76.17%,99.96%,77.02%,0.15%,20.81%,38.70%,408563.2,401969.4,402002.9,340989.4,202594.7,620535.7,535962.3,638426.6,517206.1,517197.2,420325.8,217669.5,864091.6,756257.9,1258.2,1126.8,1126.4,923.1,561.8,1856.7,1636.2,199566.5,189352.0,189279.2,140252.8,20395.4,366219.6,279883.2,8960.2,8545.3,8542.0,6316.1,942.5,16574.0,12518.6,3391.2,3232.4,3231.2,2384.3,381.8,6289.3,4734.8,1917.8,1817.2,1816.6,1349.3,235.2,3505.2,2659.2,1388881.0,1310073.9,1308629.1,1077855.6,758244.5,2132849.8,1960625.4,837371.9,786141.6,784954.8,646511.6,450890.3,1278961.1,1195195.6,339058.7,318104.8,317700.8,254195.0,141488.3,545131.6,484085.5,105016.5,98508.1,98388.6,78540.0,43387.5,169478.7,150233.5,766401.6,726757.7,726479.6,538794.4,80210.2,1403731.5,1074458.6,671566.3,642106.3,641865.9,470377.9,57512.6,1260951.9,946707.1,781046.5,749052.9,748778.2,547096.9,62757.1,1476931.0,1103411.0,93078.5,89297.3,89264.7,65064.7,7229.0,176636.1,131544.7,2057.7,2108.9,2108.5,1981.1,1630.7,2558.4,2446.1,1846285.5,1845918.0,1846349.9,1852659.0,1954837.5,1821856.3,1822829.4,150.42%,41.66%,41.65%,30.97%,26.06%,27.60%,32.74%,297.58%,53.53%,53.52%,41.94%,27.92%,34.74%,37.13%,122.97%,64.34%,64.30%,57.53%,69.22%,46.35%,46.54%,119.89%,61.20%,61.10%,37.19%,27.47%,31.61%,45.75%,118.91%,63.04%,62.95%,40.44%,52.28%,33.33%,48.45%,118.69%,63.67%,63.58%,40.87%,78.17%,33.94%,49.24%,119.56%,64.42%,64.35%,44.57%,141.93%,34.92%,49.48%,112.12%,54.99%,54.58%,43.99%,59.92%,39.08%,35.62%,112.88%,57.07%,56.37%,45.90%,55.99%,41.41%,35.95%,112.72%,55.15%,54.63%,40.65%,50.84%,34.89%,33.85%,112.69%,55.44%,54.97%,40.86%,50.28%,34.89%,34.00%,116.96%,59.87%,59.76%,35.25%,21.95%,29.82%,44.19%,118.46%,62.82%,62.72%,37.91%,22.65%,31.93%,47.77%,118.53%,63.79%,63.69%,39.01%,25.15%,32.74%,48.88%,119.01%,64.38%,64.29%,39.54%,27.18%,33.16%,49.52%,36.03%,21.51%,21.48%,17.28%,19.26%,19.90%,19.72%,36.22%,36.05%,36.03%,35.80%,34.77%,36.85%,36.74%,334035.9,358962.7,358989.4,324399.5,188292.4,606755.8,506497.0,406374.3,432541.8,432539.4,381272.6,205670.8,849103.1,697193.9,893.0,953.3,953.3,837.0,539.3,1764.1,1480.0,143166.0,157818.9,157812.0,134855.2,20329.1,334643.5,252252.6,6470.6,7126.2,7125.5,6068.0,851.7,15201.6,11317.2,2424.7,2683.4,2683.4,2268.1,348.2,5776.2,4253.5,1396.4,1536.2,1535.9,1300.4,189.8,3245.3,2398.4,1081568.4,1181035.9,1180844.4,982527.1,737276.5,1981923.0,1698323.0,636566.8,685853.8,685631.4,596286.0,432194.9,1201586.5,1053399.8,254692.1,274949.3,274922.4,238410.3,137636.6,514385.3,427281.6,78696.0,84885.8,84880.8,73635.1,42308.9,159999.3,132869.3,556648.3,609547.4,609500.7,522956.3,86552.6,1273277.0,969782.8,484770.9,534435.1,534385.5,455330.3,58999.0,1142388.0,848325.2,563223.7,621393.1,621342.8,528449.3,62625.5,1339290.0,987201.8,66960.8,73955.5,73953.3,62776.6,6891.8,160101.5,117652.0,1941.3,1982.8,1982.7,1909.1,1596.9,2457.1,2319.0,1829506.1,1826279.1,1826573.1,1831002.6,2164004.3,1801371.1,1807122.1,614575.0,167455.2,167444.0,105615.9,52797.5,171294.6,175465.9,1899830.4,276863.7,276823.4,176304.7,60777.5,300219.0,280818.6,1547.2,725.0,724.3,531.1,388.9,860.6,761.5,239256.5,115888.7,115657.0,52153.3,5602.4,115745.0,128048.3,10654.2,5386.7,5377.0,2554.4,492.7,5524.2,6065.2,4025.0,2058.2,2054.5,974.5,298.5,2134.7,2331.6,2293.0,1170.6,1169.0,601.4,333.8,1224.2,1315.9,1557211.5,720426.1,714192.5,474155.5,454312.3,833514.9,698442.4,945258.4,448630.7,442503.0,296780.6,252454.2,529611.9,429705.8,382190.9,175446.2,173574.9,103341.9,71933.9,190192.4,163865.0,118341.0,54613.2,54080.6,32090.9,21813.6,59134.6,51075.7,896374.1,435109.4,434166.8,189929.5,17603.5,418535.6,474851.8,795536.3,403374.6,402580.4,178326.9,13027.6,402602.2,452206.0,925804.9,477805.5,476915.3,213441.8,15780.6,483491.1,539336.6,110775.6,57492.0,57385.9,25727.9,1964.8,58570.2,65139.5,741.4,453.6,453.0,342.4,314.1,509.0,482.5,668778.9,665518.1,665172.8,663265.1,679661.8,671408.4,669727.3
01-KO2-A4,,66402,49690,49663,40932,21,7896,12498,100.00%,74.83%,74.79%,61.64%,0.03%,11.89%,18.82%,100.00%,74.83%,99.95%,82.42%,0.04%,15.90%,25.17%,307975.8,340593.7,340587.6,290942.2,196383.9,586369.8,526920.1,450186.3,417106.1,417061.8,346197.8,217259.8,769128.0,703409.5,861.0,923.2,922.4,764.6,380.2,1707.6,1575.8,150285.0,169750.1,169676.3,134095.8,22207.8,346637.4,285707.6,6744.4,7591.3,7588.3,5977.5,1000.7,15586.4,12695.9,2570.3,2897.5,2896.3,2276.4,485.2,5977.5,4849.9,1490.7,1672.7,1672.0,1318.5,319.8,3427.2,2799.5,1036378.9,1136348.9,1134213.0,955762.4,1123186.4,2021724.5,1935532.0,612013.2,668199.6,666634.5,564221.9,613484.3,1176122.8,1142051.6,244191.8,268954.9,268455.4,223263.8,182480.1,493307.2,459114.3,74459.9,82077.5,81930.3,68110.3,55343.7,150687.8,140148.0,586431.9,662605.8,662318.1,524135.1,80179.5,1350018.9,1115043.4,507041.6,575817.3,575582.7,452017.0,64131.9,1190184.5,965284.3,586513.1,667223.1,666963.3,522755.4,72603.3,1384084.1,1116955.4,69802.7,79430.3,79399.5,62150.2,8541.1,165171.9,132883.1,1968.9,2111.3,2110.9,1962.5,1739.1,2834.6,2761.4,1768229.0,1796091.1,1796701.4,1800861.4,2075822.3,1776781.4,1755243.9,188.37%,44.16%,44.13%,29.93%,23.99%,28.13%,31.14%,397.99%,54.54%,54.52%,38.58%,38.28%,35.96%,35.61%,131.45%,66.45%,66.22%,55.73%,79.08%,45.73%,42.57%,104.75%,57.50%,57.40%,35.09%,26.82%,28.23%,38.59%,106.34%,59.81%,59.72%,39.22%,56.38%,29.76%,40.96%,106.73%,60.57%,60.48%,39.84%,56.82%,30.40%,41.79%,112.83%,61.86%,61.76%,43.86%,82.02%,31.34%,42.21%,104.46%,55.03%,54.17%,39.48%,73.64%,39.73%,34.57%,103.66%,55.50%,54.21%,39.90%,67.55%,40.83%,34.10%,101.27%,52.81%,51.92%,35.00%,59.87%,33.70%,31.17%,101.07%,52.73%,51.89%,34.90%,58.51%,33.55%,31.09%,102.30%,56.47%,56.36%,33.67%,22.81%,27.05%,37.55%,102.75%,58.70%,58.61%,35.90%,22.87%,28.38%,40.16%,102.73%,59.48%,59.39%,36.86%,23.93%,28.97%,41.03%,103.14%,59.95%,59.87%,37.34%,24.93%,29.35%,41.57%,38.16%,25.22%,25.20%,19.03%,13.31%,21.36%,20.66%,39.16%,37.62%,37.59%,37.61%,38.37%,37.41%,38.67%,261420.2,294418.6,294441.4,273943.6,188125.8,565367.9,501870.4,307473.3,349083.3,349088.7,319419.7,194520.6,739746.3,650767.1,677.5,786.4,786.2,710.9,314.8,1614.8,1458.2,120797.1,140674.6,140649.5,127021.6,22854.2,320688.6,263725.9,5365.6,6312.1,6310.8,5632.1,1087.3,14528.3,11729.7,2036.9,2404.3,2404.1,2139.5,518.1,5576.7,4460.0,1201.4,1423.3,1423.2,1263.0,342.9,3208.4,2586.8,792950.9,877031.8,876639.3,803253.3,828616.2,1912080.0,1690025.5,488379.2,542599.9,542488.4,496624.4,470883.1,1116955.3,1014599.3,197734.8,222322.4,222264.7,202486.3,145353.3,467061.4,410876.6,60446.1,67912.0,67893.3,61948.5,45787.4,142649.2,125731.8,476536.6,553973.4,553915.2,500299.9,80610.6,1238597.5,1027497.4,407497.2,477343.7,477280.9,428456.7,67977.4,1092356.8,885641.0,468936.3,551210.1,551176.7,494203.1,73839.8,1273330.3,1023816.3,55768.4,65518.8,65516.5,58654.0,9019.7,151904.0,121529.3,1850.2,1920.2,1920.1,1864.5,1710.1,2799.4,2729.8,1738117.5,1807829.5,1808553.0,1814955.0,2229827.0,1710262.0,1687914.5,580134.7,150404.5,150308.4,87077.6,47105.5,164948.9,164108.4,1791677.3,227471.7,227370.4,133554.0,83175.4,276592.1,250452.3,1131.8,613.5,610.8,426.1,300.6,780.9,670.9,157416.4,97604.9,97390.5,47048.7,5956.2,97867.2,110264.3,7172.3,4540.2,4531.6,2344.6,564.2,4638.0,5200.2,2743.2,1755.1,1751.8,907.0,275.7,1817.4,2026.7,1681.9,1034.7,1032.6,578.4,262.3,1074.2,1181.6,1082587.9,625316.1,614374.9,377335.2,827124.3,803150.7,669054.6,634391.1,370841.4,361365.8,225141.7,414416.6,480242.3,389410.8,247284.8,142047.7,139389.3,78134.3,109258.1,166243.9,143096.0,75259.2,43280.2,42513.0,23773.3,32381.6,50553.7,43570.1,599929.2,374202.5,373294.4,176479.2,18286.4,365162.1,418692.4,520972.3,338021.5,337337.3,162277.9,14666.5,337736.3,387675.8,602536.8,396838.8,396119.3,192661.6,17373.0,400922.3,458231.2,71992.5,47618.2,47533.2,23208.7,2129.0,48475.0,55238.6,751.4,532.5,531.9,373.5,231.5,605.5,570.4,692436.4,675773.6,675379.0,677247.5,796495.1,664720.6,678830.6
01-KO2-B4,,62595,48476,48465,41645,40,6101,9387,100.00%,77.44%,77.43%,66.53%,0.06%,9.75%,15.00%,100.00%,77.44%,99.98%,85.93%,0.08%,12.59%,19.37%,307478.1,325510.5,325517.4,285445.0,190953.2,585411.7,533522.9,480834.9,414254.9,414259.5,354733.1,198035.2,800980.3,748232.7,886.9,929.6,929.4,791.1,418.1,1830.2,1710.2,144890.5,159161.0,159142.6,131734.1,20898.7,337524.8,285089.8,6513.6,7101.0,7100.1,5868.4,886.8,15111.2,12579.6,2475.7,2714.0,2713.6,2238.9,306.8,5804.7,4820.5,1439.6,1573.7,1573.5,1301.4,165.0,3345.5,2796.8,964863.0,1044350.9,1043190.4,899209.8,821678.1,1978940.8,1912019.4,560795.3,605681.6,604803.5,522986.3,449592.8,1136609.9,1112528.4,225451.2,244417.6,244157.3,208692.2,135830.1,474806.4,447048.3,68576.8,74382.7,74307.1,63516.3,41167.9,144485.1,136011.5,562529.4,617641.0,617581.8,510254.5,78230.1,1316131.1,1108575.3,484690.0,535033.4,534979.5,440229.1,59652.5,1151567.6,953555.1,560456.0,619773.9,619712.7,509515.9,66305.2,1336785.9,1102101.0,66698.0,73774.5,73767.2,60584.5,7839.1,159549.5,131121.5,1951.5,2054.2,2054.0,1941.2,1679.8,2775.2,2740.1,1834118.3,1834070.5,1834362.4,1839143.3,1927026.5,1805380.4,1795718.0,197.14%,43.18%,43.16%,30.07%,16.67%,26.96%,29.24%,441.86%,52.92%,52.91%,38.09%,48.37%,34.20%,32.42%,118.04%,65.54%,65.52%,55.28%,73.66%,43.59%,39.31%,95.00%,54.97%,54.96%,35.22%,27.51%,26.69%,35.43%,99.92%,57.16%,57.15%,39.40%,41.51%,27.69%,37.53%,95.90%,57.93%,57.92%,39.93%,97.45%,28.56%,38.46%,98.85%,59.92%,59.91%,44.19%,164.30%,30.46%,39.58%,96.16%,54.21%,53.54%,38.55%,65.40%,38.92%,33.43%,95.75%,54.51%,53.40%,38.73%,61.78%,39.73%,32.60%,93.03%,51.54%,50.91%,34.18%,55.41%,32.65%,29.53%,92.68%,51.39%,50.82%,34.11%,54.86%,32.47%,29.40%,93.32%,54.54%,54.53%,34.08%,21.64%,25.58%,34.94%,93.41%,56.24%,56.24%,36.21%,22.29%,26.38%,36.98%,93.29%,56.87%,56.86%,37.12%,24.04%,26.85%,37.65%,93.63%,57.32%,57.31%,37.59%,25.85%,27.17%,38.15%,35.58%,23.55%,23.54%,18.55%,16.40%,20.15%,19.36%,34.76%,33.88%,33.87%,33.77%,36.29%,34.47%,34.90%,256821.5,283661.5,283665.2,268175.2,189028.0,563500.7,508557.4,317615.6,349468.5,349474.1,326796.6,173621.8,768683.2,696908.8,711.8,794.6,794.6,734.8,356.3,1739.8,1590.1,118487.1,134112.7,134105.6,124150.3,21841.1,313985.9,263878.3,5259.7,6005.5,6005.1,5507.0,913.8,14232.1,11685.7,1997.1,2282.3,2282.2,2095.1,259.3,5467.5,4451.8,1185.1,1361.6,1361.5,1241.6,202.0,3144.7,2603.4,755498.4,799949.1,799853.8,766911.9,681087.5,1874866.8,1672442.8,454667.4,489990.9,489965.0,464652.5,375227.4,1079989.0,992833.2,184404.3,201262.3,201235.3,189385.5,118539.8,448877.0,402597.7,56280.5,61416.7,61409.6,57798.0,36546.1,136633.9,122684.7,463333.2,522503.4,522486.9,484335.8,83949.9,1213852.8,1030117.6,396056.4,450331.1,450312.9,415259.0,62454.0,1068826.8,883216.6,456530.2,520713.8,520680.4,479172.0,70230.0,1243907.5,1018541.8,54184.7,61920.1,61916.3,56910.8,8318.6,148480.4,120979.9,1837.7,1893.5,1893.4,1850.3,1661.8,2750.2,2718.5,1804161.6,1788992.6,1789150.6,1802583.6,1949182.1,1745971.6,1747673.6,606161.7,140549.1,140508.8,85825.7,31828.3,157827.2,156027.2,2124593.5,219218.6,219203.6,135124.3,95794.1,273960.0,242582.1,1046.9,609.3,609.0,437.3,308.0,797.7,672.3,137651.0,87496.3,87468.2,46399.8,5750.0,90095.4,101010.3,6508.4,4058.9,4057.6,2312.4,368.1,4184.6,4721.5,2374.2,1572.3,1571.7,893.9,298.9,1657.8,1854.0,1423.1,943.0,942.7,575.1,271.1,1019.1,1107.0,927772.6,566094.1,558574.3,346689.0,537361.1,770241.6,639212.9,536963.6,330185.0,322988.0,202557.9,277738.8,451612.9,362714.4,209733.2,125971.0,124302.9,71327.6,75257.0,155022.2,132025.0,63557.3,38226.1,37760.4,21662.6,22585.0,46914.5,39992.0,524930.9,336846.6,336771.5,173894.9,16928.5,336621.8,387355.4,452748.4,300914.8,300847.7,159409.1,13295.9,303784.8,352579.9,522841.4,352461.9,352387.9,189140.4,15942.4,358977.3,414888.5,62451.9,42288.0,42279.1,22775.4,2026.6,43350.5,50024.6,694.4,483.8,483.6,360.0,275.5,559.3,530.5,637452.4,621454.8,621218.8,621033.8,699283.2,622323.6,626763.6
01-KO2-C4,,68420,54134,54115,46158,29,7154,11898,100.00%,79.12%,79.09%,67.46%,0.04%,10.46%,17.39%,100.00%,79.12%,99.96%,85.30%,0.05%,13.22%,21.99%,310269.8,328992.9,328980.1,286739.3,188488.1,588015.5,524704.9,456504.9,408313.3,408248.2,346381.1,204321.2,788349.5,714910.0,903.2,925.3,924.8,780.4,367.0,1813.4,1645.6,150352.0,160738.7,160670.0,131189.4,20622.2,342289.0,279672.0,6741.4,7184.3,7181.6,5850.3,929.9,15378.1,12392.5,2561.0,2734.3,2733.2,2220.7,407.8,5887.2,4739.1,1484.5,1580.2,1579.6,1286.7,179.6,3380.2,2737.9,1041356.1,1090262.3,1088653.1,933185.6,947395.9,2041989.0,1930811.5,613601.1,640785.9,639643.5,550042.6,523310.0,1189093.9,1139780.6,244504.1,256855.2,256494.9,217634.7,157545.8,495218.3,455657.7,74412.8,78220.1,78115.0,66271.1,47846.2,150874.1,138774.6,587166.3,628504.3,628259.2,512755.0,77219.4,1340441.4,1095069.1,506079.3,543954.7,543744.8,441246.7,59380.0,1175546.3,943217.8,584649.8,629297.1,629060.4,509797.3,66452.5,1364044.8,1089229.3,69518.6,74834.8,74806.9,60547.5,7741.6,162694.4,129479.6,1972.5,2063.5,2063.2,1943.7,1713.3,2779.6,2712.7,1821943.6,1848007.0,1848390.3,1852393.6,2069707.8,1825269.3,1804543.3,163.96%,43.70%,43.70%,30.08%,20.46%,27.74%,30.63%,380.03%,54.41%,54.37%,38.70%,35.20%,35.75%,35.38%,123.70%,68.28%,68.11%,54.60%,68.79%,50.63%,46.92%,99.71%,56.80%,56.59%,35.57%,28.99%,27.67%,37.81%,102.76%,59.20%,59.02%,39.76%,53.89%,29.30%,40.35%,101.86%,60.18%,60.00%,40.47%,50.65%,30.25%,41.27%,104.45%,61.83%,61.65%,44.62%,144.13%,31.49%,42.04%,98.44%,54.87%,53.93%,39.09%,87.47%,38.70%,34.13%,98.49%,55.31%,53.95%,39.37%,80.01%,39.78%,33.54%,96.68%,52.66%,51.73%,34.81%,71.64%,33.06%,30.82%,96.41%,52.55%,51.69%,34.74%,70.50%,32.94%,30.74%,97.44%,56.08%,55.90%,34.31%,29.66%,26.61%,37.10%,97.85%,58.20%,58.02%,36.52%,29.58%,27.95%,39.58%,97.77%,58.94%,58.77%,37.47%,30.31%,28.56%,40.41%,98.23%,59.46%,59.29%,37.98%,32.58%,28.99%,41.01%,33.57%,23.86%,23.85%,18.55%,15.95%,20.48%,19.98%,36.27%,34.46%,34.43%,34.33%,28.63%,35.04%,36.21%,260803.5,285466.3,285472.9,268789.8,182214.9,569003.8,498316.4,312395.3,341775.4,341780.5,318650.6,185272.2,758300.2,662783.4,709.8,787.6,787.5,725.4,349.9,1715.3,1516.1,120230.8,134241.5,134239.3,123406.5,22014.5,317701.3,256225.5,5344.3,6017.2,6017.2,5478.3,858.5,14396.5,11378.9,2024.1,2279.3,2279.2,2074.4,391.5,5493.5,4346.5,1196.1,1350.3,1350.3,1223.8,182.5,3164.0,2520.7,784550.8,829995.6,829881.3,786638.3,777045.9,1951190.8,1672544.1,481643.1,515326.4,515280.8,483383.4,476895.4,1134292.8,1015061.9,194906.1,211074.9,211047.8,196641.7,149314.9,470627.9,408914.2,59452.2,64430.1,64425.5,60076.0,46135.2,143636.7,124712.4,474011.8,528352.4,528344.1,486352.1,85970.3,1230543.8,1006418.9,405097.3,454334.8,454332.4,416180.4,64140.7,1082758.4,861553.9,466258.4,523801.7,523786.8,479456.9,71551.4,1261867.1,995124.5,55285.2,62206.4,62206.4,56834.9,8386.0,150671.4,117962.1,1846.5,1895.8,1895.7,1851.8,1683.3,2742.7,2667.2,1837721.6,1859356.1,1859579.6,1869138.6,2072529.6,1804766.6,1789425.6,508730.4,143785.0,143750.8,86240.2,38560.5,163138.8,160726.4,1734855.8,222174.3,221966.0,134064.8,71922.8,281836.3,252936.7,1117.2,631.8,629.9,426.1,252.5,918.1,772.0,149918.0,91296.5,90928.8,46668.6,5978.6,94723.2,105746.8,6927.6,4253.0,4238.8,2326.1,501.1,4506.2,5000.1,2608.7,1645.5,1639.8,898.7,206.6,1780.8,1955.6,1550.5,977.0,973.8,574.2,258.8,1064.5,1150.9,1025142.0,598259.6,587150.4,364798.1,828714.6,790315.9,659032.1,604311.8,354440.8,345110.7,216559.7,418699.6,473007.0,382333.7,236397.4,135268.7,132694.2,75764.1,112862.3,163709.3,140432.5,71743.5,41101.3,40376.2,23021.1,33733.1,49702.8,42662.6,572126.4,352450.8,351190.7,175909.9,22905.1,356727.9,406278.8,495186.3,316561.8,315490.2,161135.7,17567.5,328531.9,373366.6,571623.9,370899.2,369700.8,191042.7,20141.5,389555.6,440114.7,68290.5,44497.7,44355.6,22995.4,2522.1,47158.0,53097.5,662.1,492.4,492.0,360.5,273.2,569.3,542.0,660887.3,636818.1,636487.1,635949.0,592545.4,639537.4,653386.5
01-KO2.AZ-D4,,25365,16273,16226,11389,15,4433,7331,100.00%,64.16%,63.97%,44.90%,0.06%,17.48%,28.90%,100.00%,64.16%,99.71%,70.19%,0.09%,27.32%,45.18%,398480.1,379545.3,379568.4,307780.4,196804.5,562042.5,488368.5,768746.9,476891.8,476598.0,367313.5,185868.8,755204.2,661327.1,1351.5,1123.5,1119.5,870.2,344.2,1760.0,1541.8,226877.5,214729.4,214149.2,149962.9,17592.8,376801.3,295819.2,10384.3,9849.8,9824.8,6879.5,810.8,17277.7,13458.9,3909.6,3725.3,3716.5,2591.7,378.2,6566.1,5097.1,2224.8,2098.8,2093.7,1473.1,267.6,3666.5,2862.2,1527772.4,1378414.5,1367488.6,1075196.0,1165422.1,2112233.0,1975651.4,940039.4,843916.5,835746.8,659204.5,659653.0,1285706.1,1216961.8,387882.3,351431.4,348573.9,266396.8,196466.2,557660.6,502398.3,120198.3,109007.7,108156.3,82533.2,59965.7,173355.3,155907.7,877307.3,829694.7,827491.6,580232.9,69167.9,1454128.5,1145044.1,771145.8,742070.6,740197.7,512219.3,53516.0,1317148.5,1020298.2,892384.9,864371.4,862264.6,594578.8,59334.3,1539444.6,1187134.8,106147.7,102945.1,102697.5,70606.4,6831.9,183868.6,141370.2,2035.3,2115.7,2112.6,1943.6,1743.5,2537.2,2430.3,1817120.3,1809880.4,1812539.5,1822085.8,2022546.9,1790170.6,1783455.0,220.06%,43.47%,43.44%,29.70%,21.12%,31.09%,36.05%,435.77%,56.15%,56.05%,40.84%,28.51%,40.07%,42.56%,168.98%,69.65%,69.05%,62.89%,57.60%,51.50%,51.68%,153.91%,60.90%,60.25%,33.85%,31.02%,34.58%,48.17%,148.15%,62.01%,61.41%,37.15%,56.89%,35.62%,49.93%,148.48%,62.88%,62.32%,38.01%,60.65%,36.24%,50.84%,151.44%,63.27%,62.66%,40.85%,104.82%,37.25%,51.14%,156.22%,62.09%,59.35%,45.81%,69.92%,46.98%,41.92%,155.42%,63.73%,60.09%,46.86%,64.28%,48.20%,41.80%,152.69%,58.75%,55.98%,39.20%,59.31%,39.73%,38.29%,152.15%,58.57%,56.00%,39.15%,58.30%,39.53%,38.28%,151.11%,59.46%,58.85%,31.57%,31.95%,32.88%,46.47%,150.10%,62.08%,61.50%,34.62%,33.88%,34.62%,49.57%,149.22%,63.04%,62.49%,36.00%,35.62%,35.42%,50.66%,149.37%,63.67%,63.12%,36.67%,38.01%,35.87%,51.31%,45.70%,22.79%,22.52%,16.72%,22.38%,21.03%,20.40%,38.13%,36.72%,36.57%,36.37%,32.07%,37.00%,37.66%,288097.0,336454.3,336478.1,294999.9,201612.8,533776.9,453828.2,341006.2,395169.2,395174.9,337778.8,175202.4,712307.3,589255.4,797.7,922.6,920.8,782.2,347.4,1595.5,1353.7,146561.3,179668.2,179642.5,147399.2,19402.2,339800.3,263986.5,6789.2,8285.3,8281.4,6744.7,927.5,15699.5,12031.0,2533.3,3121.5,3119.9,2524.6,348.5,5969.2,4541.7,1453.6,1780.6,1780.4,1440.7,303.6,3359.3,2545.0,977424.3,1207099.5,1204127.8,953360.6,949152.8,1844398.9,1661900.3,613371.4,719057.9,717932.4,605885.9,659460.6,1156752.5,1037545.1,255221.6,299941.2,299382.7,250938.1,191886.1,510672.4,430821.9,79036.8,93114.2,92992.7,77938.1,58122.4,158953.7,133828.5,573529.2,699124.2,698940.1,575346.7,79803.9,1306059.6,1024695.3,502964.5,620458.8,620130.4,505210.6,56712.5,1177977.0,909713.4,581853.9,721387.3,721012.3,584648.3,65382.0,1378971.3,1055668.8,68899.3,85733.0,85707.5,69412.8,7380.4,164668.6,125653.9,1891.1,1976.6,1975.2,1876.3,1636.8,2445.9,2308.2,1780997.4,1747429.4,1750517.4,1763673.4,1970063.4,1695336.4,1695851.4,876888.2,164985.4,164870.4,91413.0,41573.9,174752.5,176072.0,3349963.5,267751.9,267113.7,150005.4,52990.3,302585.8,281470.5,2283.8,782.5,773.0,547.3,198.3,906.4,796.8,349195.3,130771.9,129016.5,50755.8,5457.5,130311.4,142495.9,15384.5,6108.1,6033.7,2555.8,461.2,6153.6,6719.7,5804.9,2342.5,2316.1,985.1,229.4,2379.8,2591.2,3369.3,1328.0,1311.9,601.7,280.5,1365.8,1463.7,2386650.8,855907.0,811539.0,492577.9,814829.2,992264.8,828114.1,1461019.4,537825.4,502217.4,308880.0,424034.2,619661.3,508745.7,592252.0,206453.2,195134.7,104420.4,116516.6,221573.6,192381.7,182882.3,63847.4,60568.8,32314.0,34958.4,68520.8,59684.5,1325735.5,493318.5,486945.1,183151.7,22096.5,478132.2,532069.8,1157526.8,460647.5,455214.0,177326.2,18130.8,455987.2,505734.1,1331596.0,544933.5,538829.3,214041.7,21133.7,545240.9,601412.1,158552.2,65543.5,64823.9,25894.5,2596.7,65946.4,72541.5,930.1,482.2,475.8,325.0,390.1,533.6,495.8,692910.8,664616.1,662917.3,662779.3,648633.1,662382.1,671689.8
01-KO2.AZ-E4,,7482,2995,2973,1900,3,988,1576,100.00%,40.03%,39.74%,25.39%,0.04%,13.21%,21.06%,100.00%,40.03%,99.27%,63.91%,0.10%,33.23%,53.01%,307500.7,324254.2,323878.2,260966.2,157845.8,446232.7,389694.7,881661.9,436717.3,436099.0,331619.4,153015.0,639551.4,553668.9,825.7,1074.6,1067.4,835.8,358.6,1516.0,1318.8,155516.3,246370.8,244689.4,164767.5,19266.5,398852.0,317548.9,7809.2,11780.2,11705.0,7926.6,1124.8,18985.5,15072.3,2851.1,4457.4,4430.6,2981.4,634.1,7228.4,5716.4,1594.0,2457.1,2442.4,1652.7,410.0,3966.1,3134.5,944637.9,1379928.1,1362544.9,1056590.8,718920.6,1947098.8,1838992.1,612815.9,887433.4,874064.1,677538.2,420984.3,1249470.1,1185357.8,263584.3,390747.8,385275.5,286998.1,130777.0,573712.3,517694.4,81261.0,120779.9,119153.5,88694.2,39988.9,177593.6,160024.7,594629.7,940830.6,934039.6,629790.4,77958.0,1519925.9,1209836.6,535829.8,863618.4,857595.1,569797.3,63321.6,1411918.9,1112164.1,622652.8,1009525.6,1002719.0,663367.3,70759.2,1656503.1,1300815.9,74141.2,120359.2,119549.9,78816.1,8529.4,198031.6,155146.0,1756.0,2079.6,2074.8,1910.3,1591.6,2390.7,2304.7,1653443.5,1745736.1,1752562.6,1800601.0,2304471.5,1668304.0,1667873.9,418.47%,41.99%,41.75%,27.30%,7.69%,33.43%,37.85%,593.59%,55.90%,55.69%,37.55%,11.31%,45.16%,47.65%,191.39%,66.56%,65.66%,58.15%,103.81%,55.08%,52.32%,181.19%,61.01%,60.34%,30.52%,35.21%,39.22%,51.29%,173.15%,60.56%,60.07%,33.65%,52.08%,38.72%,51.34%,169.69%,61.37%,60.97%,33.82%,65.71%,39.27%,52.25%,173.39%,62.09%,61.60%,36.72%,74.09%,40.24%,53.14%,184.95%,62.12%,59.55%,43.40%,71.98%,52.15%,45.07%,181.56%,63.36%,59.97%,43.01%,66.46%,52.96%,44.98%,176.07%,59.16%,56.19%,35.40%,59.82%,44.73%,42.19%,175.66%,58.87%,56.12%,35.33%,59.39%,44.51%,42.14%,176.61%,59.90%,59.24%,27.48%,31.94%,38.37%,50.40%,176.48%,62.12%,61.58%,31.02%,30.12%,39.45%,52.65%,176.25%,63.07%,62.60%,32.78%,31.46%,40.14%,53.56%,176.75%,63.76%,63.31%,33.65%,33.87%,40.65%,54.23%,63.14%,21.24%,21.07%,14.92%,12.12%,21.27%,19.59%,39.79%,35.17%,34.86%,34.11%,39.54%,35.50%,36.21%,114091.1,289775.5,289775.5,252240.9,155582.5,417338.1,355269.6,207568.3,361962.2,362258.0,306146.8,157099.3,575129.5,482518.6,517.7,902.1,898.2,750.5,426.7,1370.8,1150.7,83793.2,206048.2,204987.1,163456.8,22923.1,349546.4,271674.6,4148.0,9940.9,9917.3,7841.2,956.4,17009.1,13126.7,1587.4,3744.6,3729.9,2956.4,873.7,6505.7,5013.7,915.3,2058.9,2048.1,1625.6,251.1,3579.2,2722.8,719441.0,1183909.6,1178320.3,960456.6,528764.0,1701714.5,1601635.0,437128.9,757341.0,753234.1,638915.4,376543.0,1095047.6,1016761.6,182947.6,330583.1,329607.9,278724.1,130328.1,502187.3,440446.9,56355.9,102138.5,101526.9,86142.4,40380.2,155520.5,135875.1,340634.4,792643.9,789157.9,630330.8,86918.9,1310993.9,1041199.4,279480.4,725833.8,722430.1,568393.7,72877.5,1236614.9,956221.9,313922.9,848242.5,845284.7,658799.3,80271.7,1459766.5,1116606.0,37196.6,100824.8,100469.7,78537.3,9753.5,174882.1,132659.5,1693.8,1972.6,1970.8,1869.3,1681.3,2280.6,2191.8,1565245.5,1655385.5,1664187.5,1723981.5,2698599.5,1570910.0,1572899.0,1286813.1,136146.7,135212.1,71242.7,12140.5,149180.5,147514.7,5233428.0,244141.5,242857.4,124521.5,17308.0,288835.2,263827.7,1580.3,715.3,700.9,486.1,372.3,835.0,689.9,281776.6,150307.6,147642.9,50290.0,6783.0,156410.6,162881.3,13521.3,7134.0,7031.6,2667.7,585.8,7350.3,7737.5,4838.2,2735.3,2701.4,1008.3,416.6,2838.6,2986.7,2763.8,1525.6,1504.5,606.8,303.7,1596.1,1665.7,1747141.9,857204.6,811381.7,458521.1,517464.4,1015491.5,828751.3,1112628.0,562306.0,524193.1,291441.8,279804.1,661756.1,533197.0,464084.6,231181.0,216483.3,101602.0,78233.0,256594.9,218421.2,142741.7,71100.8,66869.7,31336.0,23748.7,79048.6,67439.2,1050148.8,563592.9,553280.5,173052.5,24902.3,583154.1,609809.6,945655.6,536497.9,528091.1,176733.8,19073.8,557010.4,585542.8,1097407.5,636755.1,627670.0,217453.4,22264.0,664855.6,696710.5,131046.2,76746.6,75685.6,26520.0,2888.7,80496.5,84129.0,1108.7,441.8,437.2,284.9,192.9,508.4,451.5,657972.7,613904.8,610884.2,614196.3,911211.4,592243.2,604011.1
01-KO2.AZ-F4,,21563,14132,14072,9138,14,4560,7027,100.00%,65.54%,65.26%,42.38%,0.06%,21.15%,32.59%,100.00%,65.54%,99.58%,64.94%,0.10%,32.40%,49.94%,429203.7,374474.4,374356.5,297831.4,174907.7,526448.1,467776.1,862598.8,489411.2,488827.7,365808.6,203875.5,735705.2,651990.9,1493.6,1163.3,1157.9,871.3,264.8,1736.2,1525.7,264573.4,235995.8,235022.5,158893.1,17405.1,387304.0,314799.9,12450.3,11108.3,11058.3,7503.2,843.0,18166.8,14679.5,4663.1,4203.5,4185.2,2819.7,316.7,6917.4,5569.4,2645.3,2348.8,2338.7,1588.5,298.4,3838.1,3096.6,1673747.5,1417897.4,1402250.3,1077791.4,1576781.0,2046951.4,1939856.1,1036344.9,877246.0,865988.3,665200.3,857904.4,1265318.0,1207123.9,438836.4,374687.6,370582.0,274307.7,249497.8,562465.1,513164.8,135801.5,116082.7,114845.7,84844.5,76077.3,174645.5,159113.5,1022329.4,909791.0,906135.3,612203.4,70446.4,1493878.0,1214861.1,908699.1,826029.4,822899.1,548726.8,56778.1,1370936.3,1100400.0,1052396.9,964459.1,960937.0,638645.4,62798.7,1605121.6,1283833.4,125270.8,114985.6,114570.4,75886.8,7140.3,191888.5,153066.5,2094.8,2114.4,2111.4,1930.5,1790.9,2472.5,2384.2,1879295.9,1896590.5,1901380.3,1929759.8,1858498.4,1841257.6,1850914.0,253.24%,42.32%,42.22%,28.25%,15.55%,31.25%,35.32%,430.04%,55.54%,55.40%,39.27%,32.70%,40.98%,43.31%,177.70%,69.86%,69.36%,60.09%,66.47%,54.87%,52.14%,153.66%,59.85%,59.07%,31.59%,29.84%,35.97%,47.56%,153.57%,60.97%,59.64%,34.67%,42.60%,36.61%,48.84%,150.73%,61.78%,60.66%,35.27%,56.66%,37.19%,49.74%,159.72%,61.96%,60.80%,37.81%,91.79%,37.80%,49.95%,157.63%,61.34%,57.96%,45.09%,60.03%,46.51%,42.11%,156.10%,62.84%,58.89%,46.14%,58.64%,47.52%,42.31%,153.70%,58.15%,55.17%,38.16%,55.14%,39.91%,38.90%,153.06%,58.11%,55.29%,38.23%,54.74%,39.81%,38.96%,151.16%,58.48%,57.72%,28.97%,29.75%,34.15%,45.96%,148.93%,60.98%,60.28%,32.07%,30.05%,36.03%,48.96%,147.63%,61.94%,61.27%,33.57%,31.65%,36.90%,50.04%,147.65%,62.58%,61.93%,34.30%,32.85%,37.39%,50.72%,48.96%,22.03%,21.90%,16.17%,25.14%,20.49%,20.10%,36.90%,36.20%,35.93%,35.21%,28.63%,37.40%,37.73%,294604.4,334433.9,334482.3,286752.1,167594.9,500829.6,432640.9,362069.7,404506.6,404487.7,337982.5,193382.4,685686.3,577365.6,855.8,959.3,958.0,787.7,335.2,1561.8,1323.2,168189.6,198821.3,198437.2,157465.3,18511.8,346082.6,277085.2,7990.5,9436.6,9423.9,7400.9,801.7,16421.8,13040.1,3010.1,3543.1,3537.1,2766.0,357.4,6247.7,4919.1,1690.9,1987.6,1985.5,1558.2,286.9,3483.7,2744.0,1059417.8,1255769.8,1251664.6,964139.8,1365626.3,1772371.5,1640533.8,659355.5,750987.8,748582.1,613696.8,738496.3,1132265.0,1033810.7,279013.3,318231.3,317570.4,259891.7,220164.0,511648.4,443071.6,86301.9,98447.8,98165.6,80482.1,67444.5,158971.5,137286.9,654411.3,765460.0,764767.6,611682.1,72050.9,1334250.3,1070917.8,585555.0,692345.2,691445.3,546412.6,57800.4,1221881.5,967483.4,679930.3,806208.5,805347.6,632282.5,61998.5,1431557.5,1125013.9,80755.3,95955.7,95803.1,75301.0,6899.5,171489.3,133868.6,1920.7,1984.4,1982.6,1873.4,1681.5,2374.7,2266.0,1850186.9,1852721.4,1854665.9,1892675.4,1746595.4,1807665.4,1815708.9,1086918.8,158474.1,158047.8,84132.6,27195.1,164514.4,165223.5,3709490.5,271830.0,270834.4,143643.4,66673.9,301504.3,282402.9,2654.2,812.6,803.0,523.6,176.0,952.7,795.5,406535.4,141245.6,138835.4,50191.1,5193.5,139324.7,149726.6,19120.0,6772.4,6595.4,2601.2,359.1,6650.3,7169.2,7028.6,2596.9,2538.8,994.4,179.4,2572.3,2770.0,4225.2,1455.3,1422.0,600.7,273.8,1450.8,1546.7,2638286.0,869717.0,812712.4,485976.7,946542.8,952101.9,816955.7,1617759.3,551287.6,509985.7,306894.2,503058.2,601217.7,510686.9,674475.1,217873.4,204441.4,104682.7,137562.6,224467.6,199607.5,207851.2,67451.2,63496.9,32439.5,41647.2,69529.2,61989.2,1545374.9,532030.2,523054.7,177344.7,20960.6,510233.3,558330.9,1353329.6,503721.3,496077.3,175950.1,17063.4,493953.3,538759.1,1553679.4,597356.9,588806.1,214388.8,19876.5,592336.2,642479.4,184964.3,71962.1,70957.9,26029.5,2345.8,71738.0,77641.2,1025.6,465.7,462.5,312.2,450.3,506.6,479.2,693525.9,686557.9,683191.7,679431.9,532018.3,688721.0,698282.8
01-KO3-A5,,142576,126542,126504,123421,355,2303,7850,100.00%,88.75%,88.73%,86.57%,0.25%,1.62%,5.51%,100.00%,88.75%,99.97%,97.56%,0.28%,1.82%,6.21%,305347.8,314869.0,314879.9,305934.0,202072.5,749334.1,629005.3,367764.7,332036.2,332053.2,321627.3,210027.2,841416.9,776950.9,654.9,683.6,683.3,660.4,429.7,1804.5,1658.8,84491.0,89297.7,89295.2,84990.2,21918.0,302712.9,205711.4,3632.1,3795.4,3795.3,3601.6,763.1,13396.8,8735.3,1370.0,1442.9,1442.9,1369.4,331.0,5084.7,3300.9,813.4,856.3,856.3,814.0,208.3,2949.8,1973.5,847917.8,874703.8,873820.1,845590.6,652680.2,2243163.3,2065330.9,460649.7,472555.8,471938.4,457519.4,360425.1,1172105.1,1132097.4,168846.9,174386.0,174213.3,168177.5,110581.4,469463.5,417545.9,51365.4,53107.3,53057.3,51210.6,33398.7,143388.1,127112.8,338049.6,357342.1,357331.7,339985.9,79795.9,1219520.9,827413.1,282698.7,299374.9,299365.9,284247.6,58430.2,1050631.4,686077.7,324447.7,343769.3,343759.9,326280.3,64850.4,1212221.4,783916.3,38431.2,40725.4,40724.4,38642.0,7520.1,144189.5,92724.1,1873.7,1912.5,1912.4,1890.3,1683.8,2955.5,2913.1,1876369.9,1913199.1,1913442.1,1913670.3,2056478.4,1881802.0,1876572.6,148.39%,40.82%,40.81%,35.93%,23.48%,26.19%,28.17%,415.54%,50.31%,50.30%,45.33%,33.50%,35.35%,27.88%,88.04%,65.51%,64.41%,60.37%,59.28%,43.82%,36.13%,68.84%,57.08%,57.07%,47.13%,56.22%,23.68%,38.24%,88.31%,64.00%,63.99%,54.54%,66.77%,26.56%,43.93%,77.69%,64.61%,64.60%,55.29%,83.54%,27.79%,44.79%,83.75%,69.71%,69.70%,62.48%,140.41%,28.56%,44.74%,63.88%,49.06%,48.16%,42.55%,62.05%,34.60%,26.10%,67.88%,51.41%,49.88%,44.85%,59.83%,38.99%,26.64%,64.70%,49.20%,48.24%,41.94%,53.70%,30.93%,24.42%,64.34%,49.06%,48.19%,41.84%,53.46%,30.62%,24.33%,68.06%,56.39%,56.38%,46.25%,21.85%,21.23%,37.04%,70.51%,59.48%,59.47%,49.11%,26.79%,23.46%,40.94%,71.19%,60.37%,60.37%,50.02%,29.54%,24.40%,42.13%,71.65%,60.87%,60.87%,50.48%,30.51%,24.84%,42.76%,29.65%,23.40%,23.39%,21.89%,14.18%,22.60%,20.38%,34.47%,32.67%,32.65%,32.65%,28.81%,33.18%,33.04%,270851.4,281648.1,281659.8,279942.6,193696.1,739463.4,604366.5,277313.5,288929.3,288949.8,286483.0,196082.8,833304.1,737077.9,577.3,610.9,611.0,603.5,428.2,1725.0,1575.6,71045.5,74752.3,74750.0,73969.5,22085.8,285328.1,189052.7,2972.8,3163.8,3163.7,3121.2,726.5,12728.1,8017.5,1153.6,1222.9,1222.9,1208.0,318.8,4813.4,3009.9,706.8,754.1,754.1,743.1,224.3,2820.2,1847.3,696305.9,711698.3,711679.5,705975.4,575467.1,2190897.8,1930725.3,395603.6,404830.3,404815.8,401244.6,312662.2,1133946.4,1054992.8,144912.0,149039.3,149035.7,147766.9,96256.9,455407.4,385220.4,44188.9,45459.6,45458.9,45093.8,28763.5,139293.2,117274.9,287228.3,302272.7,302269.8,299141.4,85618.2,1138372.3,767706.3,236050.5,249661.3,249660.0,246785.8,60733.3,984795.1,627917.0,269568.3,285305.2,285291.3,281801.3,66605.6,1139903.8,715408.6,31844.9,33751.0,33750.6,33332.4,7709.8,135689.2,84376.8,1750.7,1766.9,1766.9,1762.4,1656.9,2831.9,2865.2,1888535.5,1915007.0,1915183.5,1915377.0,2078538.0,1884339.0,1865022.0,453107.8,128524.4,128517.5,109921.0,47451.4,196224.3,177216.1,1528209.4,167061.2,167028.3,145802.8,70358.7,297444.4,216619.2,576.6,447.8,440.1,398.7,254.7,790.7,599.3,58160.3,50967.8,50956.7,40056.4,12321.2,71668.7,78664.9,3207.3,2428.9,2428.7,1964.2,509.5,3558.2,3837.5,1064.4,932.2,932.1,757.2,276.5,1412.9,1478.4,681.3,596.9,596.8,508.6,292.5,842.5,883.0,541672.4,429148.5,420825.5,359758.3,404976.8,776090.1,539040.5,312695.7,242960.3,235381.4,205189.9,215649.0,456978.3,301559.4,109244.4,85800.3,84044.2,70541.6,59386.4,145190.6,101978.9,33049.9,26055.8,25570.3,21427.8,17853.5,43903.2,30926.0,230067.7,201507.7,201461.5,157249.6,17436.6,258964.2,306507.6,199327.6,178066.8,178035.8,139592.3,15651.0,246503.5,280912.6,230962.6,207547.9,207515.3,163195.3,19158.2,295742.1,330235.1,27536.3,24791.2,24787.3,19506.7,2294.5,35811.1,39652.6,555.5,447.6,447.3,413.8,238.7,667.9,593.7,646771.5,625023.9,624825.9,624902.9,592396.0,624469.8,619956.9
01-KO3-B5,,127604,113441,113432,110770,187,2106,6419,100.00%,88.90%,88.89%,86.81%,0.15%,1.65%,5.03%,100.00%,88.90%,99.99%,97.65%,0.16%,1.86%,5.66%,290199.8,299271.8,299275.3,290977.2,205819.6,692914.2,590161.3,368515.8,333811.8,333815.9,323385.3,208777.9,830960.1,772002.9,666.9,698.4,698.3,675.2,456.9,1799.2,1667.9,88636.5,93729.3,93725.8,89348.6,20107.4,304957.3,213910.0,3883.3,4064.2,4064.0,3864.9,667.6,13669.0,9207.0,1458.7,1538.0,1538.0,1463.0,268.8,5161.4,3470.0,855.2,900.8,900.8,857.6,191.3,2979.1,2049.5,833332.9,859137.1,858866.8,832145.5,675994.4,2127644.5,1991257.0,459164.5,471461.9,471277.2,457230.2,373809.8,1139468.9,1110577.0,170075.1,175941.8,175889.2,169923.4,114589.6,461231.1,415067.3,51510.2,53335.5,53320.3,51506.3,34734.1,140064.9,125745.8,353215.3,373353.6,373341.3,355795.1,77558.1,1220387.8,858060.7,299315.1,316971.7,316960.9,301487.5,55299.7,1064123.0,719914.5,344421.8,364939.4,364927.2,346989.6,60646.6,1231065.8,824457.9,40853.4,43292.4,43290.9,41151.0,7065.3,146631.7,97660.3,1849.9,1885.1,1885.0,1863.9,1679.4,2874.1,2841.8,1927520.1,1966956.4,1967035.9,1967392.1,2065543.0,1934633.5,1942877.8,150.12%,38.07%,38.07%,33.13%,22.44%,26.17%,27.18%,419.88%,47.32%,47.32%,42.01%,33.02%,35.21%,27.75%,78.98%,60.20%,60.20%,55.78%,66.47%,44.25%,34.82%,66.51%,53.80%,53.79%,44.06%,25.90%,24.23%,37.04%,83.17%,60.17%,60.17%,51.04%,69.82%,27.00%,42.39%,73.56%,60.56%,60.55%,51.52%,91.92%,28.05%,43.00%,81.00%,65.50%,65.49%,58.26%,142.25%,28.78%,43.39%,57.82%,45.24%,44.96%,39.35%,51.79%,34.60%,25.20%,60.51%,47.14%,46.72%,41.58%,49.94%,38.48%,25.17%,59.08%,45.41%,45.16%,38.70%,44.80%,30.78%,23.59%,58.97%,45.35%,45.12%,38.63%,44.62%,30.57%,23.57%,65.89%,52.94%,52.93%,42.97%,22.91%,22.09%,35.74%,68.03%,56.05%,56.04%,45.97%,26.62%,24.09%,39.46%,68.65%,57.00%,56.99%,46.95%,28.98%,25.02%,40.64%,69.11%,57.52%,57.51%,47.44%,30.15%,25.52%,41.28%,27.79%,21.43%,21.42%,19.85%,12.94%,22.28%,19.97%,33.27%,31.33%,31.33%,31.32%,27.83%,32.02%,32.19%,261918.7,272131.3,272133.6,270318.9,199147.1,689555.6,567495.8,284650.1,296339.5,296344.4,293727.2,196249.4,816557.4,734451.3,602.3,635.8,635.8,628.9,444.4,1764.4,1591.2,75977.7,79752.8,79752.8,78894.8,20258.6,287894.6,196729.3,3249.2,3440.7,3440.7,3395.6,654.7,12956.7,8395.0,1248.0,1318.9,1318.9,1302.6,260.8,4890.8,3139.7,754.2,801.9,801.9,790.1,194.8,2850.6,1895.8,701950.8,716708.3,716703.8,711254.4,620055.9,2093738.5,1871896.6,402702.1,411670.5,411669.8,408293.7,345750.1,1117467.5,1036478.6,149274.2,153684.1,153679.4,152390.5,105964.6,454160.9,383763.4,45330.6,46709.6,46707.5,46302.0,32206.0,137281.9,116189.5,306062.4,321214.5,321215.3,317898.3,82442.3,1137408.4,796009.5,254685.9,268314.3,268314.2,265287.9,55408.6,997142.7,658315.6,291180.9,307496.9,307492.9,303836.8,58453.0,1154064.8,751687.2,34472.7,36393.2,36393.0,35967.4,6927.1,137424.7,88940.5,1752.4,1767.8,1767.8,1763.2,1673.8,2762.1,2822.3,1901644.5,1942516.0,1942567.5,1943538.0,2018542.0,1887475.0,1900611.0,435634.6,113937.2,113939.9,96410.6,46184.4,181320.0,160400.2,1547330.9,157968.4,157963.3,135861.8,68946.8,292583.5,214194.6,526.7,420.4,420.4,376.6,303.7,796.1,580.7,58956.0,50426.1,50416.4,39369.6,5208.8,73887.2,79227.4,3229.5,2445.6,2445.2,1972.7,466.1,3691.3,3902.7,1073.0,931.4,931.3,753.8,247.1,1447.7,1492.0,692.7,590.0,589.9,499.6,272.2,857.4,889.2,481828.9,388684.8,386165.7,327417.5,350068.6,736171.3,501857.4,277820.7,222225.8,220188.0,190109.4,186665.9,438509.9,279553.7,100486.6,79896.4,79425.9,65753.7,51338.2,141944.2,97901.3,30374.5,24188.5,24057.2,19895.5,15498.1,42824.1,29634.7,232738.4,197656.9,197612.5,152902.0,17768.3,269605.1,306678.0,203617.7,177667.6,177636.5,138590.2,14720.5,256314.9,284060.4,236448.1,208004.4,207972.4,162915.7,17573.9,308030.3,335061.5,28235.0,24901.5,24897.8,19523.8,2130.3,37425.8,40317.9,514.2,403.9,403.8,370.0,217.3,640.4,567.6,641293.6,616300.0,616231.2,616149.2,574942.8,619496.8,625501.9
01-KO3-C5,,146434,126539,126532,123180,176,2711,8711,100.00%,86.41%,86.41%,84.12%,0.12%,1.85%,5.95%,100.00%,86.41%,99.99%,97.35%,0.14%,2.14%,6.88%,276503.5,299633.2,299636.3,290049.2,192510.0,691299.4,583286.7,344579.5,344008.3,344015.0,331919.0,205191.5,839725.4,771474.4,650.2,703.7,703.7,677.2,439.8,1785.7,1643.2,88297.1,96403.7,96402.5,91345.0,20356.3,306492.3,214386.4,3863.5,4200.5,4200.5,3968.4,685.2,13847.6,9293.0,1449.6,1582.6,1582.5,1494.8,272.5,5233.3,3496.5,848.1,925.6,925.6,875.5,233.4,3010.3,2055.5,821645.8,885426.4,885393.0,853899.6,687399.9,2167376.0,1993318.6,455375.7,489013.2,488987.0,472273.1,384082.3,1169578.3,1117651.8,169516.6,182804.8,182797.1,175744.7,118053.7,471867.8,418716.0,51505.5,55582.3,55580.1,53427.8,35802.7,143810.3,127311.4,348986.4,380679.8,380676.1,360651.1,78723.0,1211795.6,850317.3,297353.9,325064.2,325059.4,307271.6,56089.3,1064006.3,719327.6,343034.3,375236.9,375231.2,354543.7,61687.8,1234937.8,826775.8,40727.1,44555.1,44554.4,42082.8,7206.6,147270.1,98076.3,1840.4,1918.7,1918.7,1893.3,1655.8,2946.3,2901.1,1886423.8,1892523.3,1892564.8,1894119.9,1949143.6,1817848.5,1837972.5,116.37%,39.67%,39.67%,34.31%,20.80%,26.23%,27.52%,327.08%,48.30%,48.29%,42.73%,28.39%,34.87%,27.57%,83.96%,62.01%,62.00%,57.47%,69.95%,43.31%,35.06%,69.19%,54.34%,54.33%,44.02%,22.05%,23.68%,36.19%,83.06%,60.69%,60.69%,50.93%,75.66%,26.54%,41.46%,77.23%,61.44%,61.43%,51.69%,108.61%,27.71%,42.39%,81.94%,66.37%,66.36%,58.72%,120.82%,28.35%,43.07%,62.67%,46.28%,46.25%,40.14%,62.71%,34.72%,25.53%,65.27%,47.94%,47.88%,42.28%,59.11%,38.22%,25.37%,63.43%,46.45%,46.41%,39.57%,52.51%,30.16%,23.67%,63.29%,46.45%,46.41%,39.54%,51.99%,29.94%,23.63%,68.32%,53.42%,53.42%,42.99%,18.63%,21.24%,34.76%,70.67%,56.42%,56.41%,45.72%,22.26%,23.63%,38.45%,71.34%,57.31%,57.31%,46.61%,24.79%,24.56%,39.56%,71.78%,57.80%,57.79%,47.05%,25.68%,24.99%,40.13%,28.74%,22.68%,22.68%,20.86%,14.19%,23.30%,20.60%,33.68%,33.00%,33.00%,32.96%,32.74%,34.46%,33.65%,256169.8,269688.6,269690.6,267552.3,184042.8,676157.9,560574.4,286614.6,302878.1,302878.6,299768.1,192280.3,826598.7,730830.2,589.4,635.7,635.7,627.5,433.6,1736.5,1568.3,76242.5,81459.3,81458.6,80491.5,20259.8,288922.0,197584.2,3252.7,3530.4,3530.3,3477.4,696.5,13158.3,8512.9,1242.3,1344.2,1344.2,1325.3,259.1,4974.8,3177.7,746.4,816.5,816.5,802.6,204.0,2889.8,1911.3,703255.0,730959.3,730961.3,724249.8,631383.4,2127825.5,1877939.1,405150.4,422769.2,422772.1,418698.9,356718.0,1149561.3,1043406.0,150791.0,157960.5,157962.5,156428.5,110988.7,461532.3,387806.6,45912.5,48132.5,48133.3,47649.6,33541.6,141052.7,118005.6,304799.6,325135.8,325136.4,321446.3,81323.5,1129674.8,791627.1,254929.0,273436.9,273436.2,269986.0,56010.4,992458.3,661791.2,292219.4,314072.3,314067.6,309880.1,59616.4,1153985.4,758354.7,34603.0,37237.3,37237.3,36739.9,6908.3,137583.5,89703.8,1762.0,1787.7,1787.7,1782.3,1645.8,2832.4,2870.9,1925324.4,1926975.4,1926994.4,1928249.4,2019208.9,1743854.4,1789507.4,321778.2,118872.4,118873.9,99515.0,40033.9,181319.4,160502.7,1127044.3,166139.7,166134.3,141842.7,58249.7,292834.1,212714.0,545.9,436.4,436.3,389.2,307.6,773.4,576.1,61090.4,52382.2,52376.8,40212.6,4487.6,72591.0,77585.3,3209.1,2549.4,2549.1,2021.1,518.5,3675.3,3853.3,1119.5,972.3,972.2,772.7,295.9,1449.9,1482.2,694.9,614.3,614.3,514.1,282.0,853.4,885.3,514914.6,409813.8,409469.6,342785.7,431076.8,752462.1,508965.8,297217.3,234445.0,234139.0,199670.8,227046.2,447062.3,283508.8,107521.6,84913.4,84830.5,69548.7,61995.7,142311.6,99089.6,32598.9,25818.4,25794.8,21126.0,18614.1,43049.7,30077.5,238426.7,203371.3,203348.3,155056.1,14664.9,257371.5,295572.6,210138.0,183390.3,183370.3,140481.0,12483.7,251404.1,276584.8,244712.7,215052.9,215031.3,165265.8,15292.4,303318.3,327051.1,29233.9,25750.6,25748.0,19798.1,1851.0,36807.9,39356.1,529.0,435.1,435.1,394.9,234.9,686.4,597.8,635255.6,624575.3,624557.1,624363.8,638086.8,626371.3,618539.8
01-KO3.AZ-D5,,76818,63637,63623,60370,174,2687,9359,100.00%,82.84%,82.82%,78.59%,0.23%,3.50%,12.18%,100.00%,82.84%,99.98%,94.89%,0.27%,4.22%,14.71%,307947.3,319329.6,319341.8,303098.3,199181.0,656250.6,525808.1,439737.9,384248.0,384245.8,357928.2,213386.3,928641.6,742655.8,867.8,875.2,875.1,812.9,495.4,2166.4,1718.2,103452.1,107319.1,107305.6,97631.0,19103.6,311739.6,205526.2,4543.5,4671.4,4670.8,4245.1,759.8,13670.5,8833.9,1695.2,1752.4,1752.2,1590.7,325.5,5163.2,3314.2,992.3,1022.6,1022.5,930.7,195.8,2961.1,1938.1,1036108.3,1051089.3,1050305.9,983468.4,886991.0,2426767.8,2033331.9,605261.7,611956.5,611422.9,572693.8,499528.9,1409296.0,1204859.9,224169.1,227911.8,227758.0,211897.9,150602.3,556918.6,449921.8,68641.1,69845.4,69800.5,64913.1,45734.4,171239.1,138089.2,418994.8,434825.2,434778.5,395354.6,77009.7,1267758.9,836573.7,350252.2,365138.2,365096.0,331254.8,53609.7,1080933.1,695347.1,400025.1,417632.4,417582.4,378702.0,57793.2,1240212.3,792406.2,47292.5,49385.1,49379.2,44755.7,6698.2,147201.3,93631.2,1907.1,1962.9,1962.7,1925.5,1681.5,2725.1,2558.5,1817408.8,1852082.3,1852343.1,1853744.5,1894647.3,1821061.9,1817457.4,150.87%,40.15%,40.15%,33.40%,21.89%,25.15%,30.97%,399.27%,54.19%,54.18%,45.39%,30.59%,31.64%,35.64%,107.61%,64.64%,64.63%,57.03%,52.06%,40.85%,42.64%,96.65%,58.38%,58.35%,42.97%,25.31%,25.71%,42.11%,106.79%,62.15%,62.12%,47.97%,58.26%,28.47%,45.90%,99.81%,63.02%,62.99%,48.66%,73.72%,29.40%,47.05%,103.11%,66.78%,66.76%,55.53%,131.47%,30.10%,47.41%,88.82%,52.37%,52.04%,43.08%,78.76%,37.33%,33.47%,90.26%,53.81%,53.33%,44.54%,72.51%,39.42%,32.82%,89.75%,52.15%,51.86%,41.50%,64.47%,32.21%,30.71%,89.77%,52.24%,51.97%,41.56%,63.01%,32.02%,30.67%,95.07%,57.71%,57.68%,42.12%,22.86%,23.57%,40.81%,95.98%,59.98%,59.95%,44.20%,23.94%,26.06%,44.04%,96.17%,60.78%,60.75%,45.02%,25.97%,27.13%,45.15%,96.63%,61.32%,61.29%,45.48%,27.49%,27.70%,45.82%,29.49%,20.35%,20.34%,18.14%,20.69%,20.13%,20.38%,37.57%,35.20%,35.18%,35.15%,34.82%,36.09%,36.29%,269058.6,287038.6,287043.1,281995.2,187453.1,648486.7,507211.3,307287.3,326459.2,326459.2,319359.8,201692.8,923744.7,692362.8,704.6,759.2,759.2,739.8,496.0,2092.7,1595.7,83363.0,89942.7,89942.7,87696.0,19578.2,291795.3,187192.3,3599.4,3918.2,3918.2,3807.3,742.3,12854.2,7995.6,1359.6,1476.6,1476.6,1435.0,316.9,4857.4,2986.2,815.0,891.2,891.1,862.3,174.3,2814.0,1774.2,814980.9,859662.3,859613.8,833287.7,728244.9,2377839.3,1820679.4,492188.9,515698.3,515671.0,503009.1,427953.9,1376333.6,1073743.3,183225.4,194092.2,194073.3,189219.7,135351.3,542431.3,402541.3,56173.3,59543.9,59540.2,58072.4,41280.4,166973.9,123586.8,340191.3,366573.4,366573.4,358148.6,82512.5,1177634.3,762668.1,282251.4,305056.5,305046.5,297278.8,55849.2,1002652.0,629929.0,321240.1,347531.5,347530.5,338219.4,58222.5,1150679.8,716980.4,37916.4,41015.2,41013.4,39954.2,6805.7,136555.7,84493.9,1820.4,1851.5,1851.5,1838.3,1664.8,2620.9,2434.1,1802994.1,1836471.1,1836671.1,1838486.6,1876655.6,1796768.1,1798657.1,464611.5,128206.9,128214.0,101239.4,43608.5,165040.0,162861.6,1755736.5,208217.1,208187.8,162452.7,65276.0,293832.5,264687.1,933.9,565.8,565.6,463.5,257.9,885.1,732.6,99984.2,62657.7,62612.6,41952.9,4834.6,80142.8,86537.6,4852.1,2903.1,2901.4,2036.5,442.6,3891.6,4054.7,1691.9,1104.3,1103.7,774.0,240.0,1518.2,1559.2,1023.1,682.9,682.6,516.9,257.4,891.3,918.8,920230.8,550482.6,546534.6,423646.7,698610.2,905946.4,680516.1,546309.0,329292.8,326080.1,255062.4,362193.8,555492.6,395436.0,201192.8,118867.1,118104.2,87935.7,97087.7,179407.6,138155.3,61620.5,36489.4,36277.4,26975.1,28816.3,54833.7,42358.2,398352.5,250919.3,250766.1,166532.5,17604.8,298761.7,341417.8,336179.6,219023.3,218892.5,146421.4,12836.5,281711.9,306254.4,384700.7,253846.6,253692.5,170485.8,15011.4,336479.9,357767.6,45696.5,30281.3,30263.1,20354.0,1841.6,40779.1,42900.8,562.5,399.4,399.2,349.3,347.9,548.6,521.5,682771.7,651890.8,651718.3,651535.3,659640.3,657150.7,659553.4
01-KO3.AZ-E5,,72621,59299,59279,56135,141,2660,8489,100.00%,81.66%,81.63%,77.30%,0.19%,3.66%,11.69%,100.00%,81.66%,99.97%,94.70%,0.24%,4.49%,14.32%,313289.8,324745.8,324729.1,307113.8,202136.6,671739.4,542382.8,443181.0,371786.9,371712.3,345535.8,199984.2,889423.0,729637.1,838.8,862.2,861.8,799.4,495.9,2099.5,1718.1,102280.3,108858.3,108811.3,98592.5,19223.8,313056.3,210334.0,4538.5,4775.0,4772.5,4315.4,803.9,13902.7,9129.0,1686.7,1787.9,1787.1,1615.4,298.3,5216.3,3414.8,982.8,1037.1,1036.6,938.8,188.8,2983.7,1987.7,1026185.3,1055260.0,1053220.1,984914.4,776239.5,2400744.8,2053026.9,596020.0,610849.9,609480.0,570607.8,439808.9,1377245.9,1207090.9,220770.0,228223.0,227813.2,211755.1,134549.7,546190.8,451765.6,67671.2,70039.1,69919.9,64966.5,40984.5,168149.3,138750.0,413115.7,439572.3,439391.5,398079.3,75775.2,1263982.3,850599.1,347769.2,371847.0,371696.5,335757.1,53770.5,1089433.5,713306.1,397923.0,426104.7,425935.4,384469.2,58467.6,1254223.1,815112.3,47074.6,50419.0,50399.2,45463.4,6786.4,148988.0,96397.9,1900.9,1966.1,1965.7,1925.6,1655.6,2744.2,2612.8,1888327.9,1929818.6,1930194.9,1931491.9,2089031.0,1893608.4,1880295.3,176.54%,41.00%,41.00%,33.90%,24.33%,25.14%,31.09%,442.80%,54.47%,54.45%,45.20%,33.64%,33.71%,35.08%,106.12%,65.53%,65.46%,57.65%,56.70%,43.63%,42.62%,92.19%,59.14%,59.03%,43.63%,27.71%,25.65%,42.04%,101.89%,63.27%,63.11%,48.86%,60.13%,28.12%,45.83%,94.66%,63.69%,63.57%,49.26%,89.55%,28.86%,46.75%,98.47%,67.37%,67.23%,55.75%,135.64%,29.61%,47.17%,87.40%,53.45%,52.09%,42.86%,63.70%,38.68%,33.76%,89.23%,55.14%,53.35%,44.44%,59.01%,41.06%,33.28%,87.48%,52.78%,51.58%,41.11%,52.71%,33.36%,30.85%,87.27%,52.68%,51.60%,41.05%,51.68%,33.12%,30.81%,91.11%,58.05%,57.94%,42.41%,24.82%,23.16%,40.56%,91.90%,60.65%,60.55%,44.88%,26.74%,25.28%,43.86%,92.14%,61.56%,61.46%,45.81%,28.89%,26.20%,44.96%,92.57%,62.09%,61.99%,46.30%,29.90%,26.60%,45.55%,31.97%,21.30%,21.27%,19.03%,15.55%,20.59%,20.51%,35.54%,33.46%,33.44%,33.41%,27.72%,34.21%,34.81%,270808.6,290943.4,290938.9,285511.4,190862.7,658423.3,524076.6,294133.5,316024.4,316001.2,308785.4,187516.9,875734.9,677657.3,684.7,745.1,745.0,725.4,485.1,2028.1,1581.2,82959.7,90681.6,90672.3,88265.1,19852.2,293153.1,191698.6,3605.8,3982.8,3982.4,3858.0,723.1,13102.0,8284.9,1359.9,1496.5,1496.4,1451.9,307.5,4919.4,3083.2,807.6,899.7,899.5,868.2,194.7,2834.3,1833.6,809833.0,862479.6,862348.9,834928.1,681162.8,2334273.0,1847016.8,488868.7,516747.9,516602.9,503903.6,403491.1,1330782.0,1080294.0,182194.5,194441.3,194401.5,189532.1,128176.2,526178.4,405658.9,55995.9,59801.0,59795.5,58218.0,38775.2,162003.1,124454.5,338378.9,368967.3,368944.9,359064.3,79882.6,1174898.8,779813.7,281663.8,309384.1,309366.2,300433.3,56472.6,1012390.6,649020.1,320853.8,353136.1,353103.9,342887.1,59422.7,1168640.6,739278.2,37876.8,41737.0,41734.7,40492.1,6881.5,138883.7,87385.6,1806.0,1841.1,1841.0,1828.0,1661.1,2653.9,2508.7,1903427.4,1943836.4,1944090.4,1947226.4,2115498.5,1862756.4,1861524.4,553082.4,133160.6,133142.4,104117.5,49179.4,168880.6,168636.4,1962386.0,202495.2,202400.0,156177.6,67280.9,299826.6,255930.7,890.1,564.9,564.2,460.8,281.2,916.1,732.3,94295.3,64374.5,64231.2,43020.4,5327.7,80297.9,88431.2,4624.4,3021.0,3012.0,2108.4,483.4,3909.8,4184.1,1596.6,1138.8,1136.0,795.7,267.1,1505.6,1596.2,967.8,698.7,696.9,523.4,256.1,883.5,937.6,896851.5,563990.1,548576.6,422150.0,494456.8,928526.8,693156.7,531812.7,336822.9,325160.1,253595.5,259515.0,565489.9,401706.0,193123.5,120448.2,117509.2,87049.7,70921.3,182213.6,139360.8,59059.6,36896.8,36081.4,26669.2,21182.3,55697.2,42748.9,376376.6,255150.5,254592.5,168829.3,18805.9,292679.4,345042.1,319604.0,225539.8,225077.9,150691.6,14379.9,275400.8,312833.0,366639.6,262294.9,261784.6,176122.1,16890.0,328666.2,366457.0,43575.7,31303.7,31243.2,21047.4,2029.0,39632.5,43911.0,607.8,418.7,418.0,366.5,257.5,564.9,535.9,671071.5,645728.3,645429.3,645375.9,578984.4,647718.7,654497.8
01-KO3.AZ-F5,,75183,62132,62109,59152,140,2479,8919,100.00%,82.64%,82.61%,78.68%,0.19%,3.30%,11.86%,100.00%,82.64%,99.96%,95.24%,0.23%,3.99%,14.36%,305979.8,315474.7,315469.3,299989.1,209665.0,658221.4,522129.4,450473.1,381147.8,381077.2,356948.4,206646.2,918817.5,730608.9,857.6,872.9,872.3,814.3,527.1,2162.4,1710.3,100854.0,105588.9,105553.9,96506.6,19647.2,308541.8,202820.6,4461.3,4616.3,4615.0,4210.4,791.1,13686.8,8795.3,1660.3,1731.8,1731.4,1579.1,313.0,5149.2,3285.9,971.6,1009.7,1009.5,923.0,198.5,2952.5,1916.5,1013377.3,1039228.5,1036401.3,973444.9,871892.4,2427363.0,2019266.4,591731.1,605277.4,603073.1,566629.8,491637.0,1409449.0,1197160.8,219630.7,225788.4,225148.8,210196.7,148914.8,557505.4,447732.1,67247.8,69187.5,69000.9,64390.4,45223.7,171498.0,137400.4,408961.8,428093.2,427965.0,391170.8,77400.4,1253931.8,825241.5,341534.1,359158.0,359048.8,327312.7,54211.9,1071494.0,686151.1,389527.9,410216.8,410095.0,373623.1,58884.0,1228850.3,781034.9,46003.7,48455.9,48442.1,44109.1,6798.5,145717.8,92185.5,1909.8,1970.8,1970.6,1934.3,1705.8,2761.5,2595.8,1954178.5,1978236.6,1978692.9,1978374.3,2097923.8,1975747.5,1929150.9,164.72%,40.94%,40.93%,34.39%,24.74%,26.02%,32.06%,435.81%,53.58%,53.54%,45.22%,31.40%,32.74%,36.26%,104.76%,64.44%,64.20%,56.89%,53.57%,41.72%,42.86%,93.54%,58.16%,58.05%,43.40%,25.28%,25.62%,41.56%,104.35%,62.51%,62.42%,48.74%,60.04%,28.65%,45.86%,95.90%,63.01%,62.92%,49.15%,86.69%,29.54%,46.81%,99.22%,67.05%,66.99%,56.21%,142.89%,30.41%,47.70%,88.31%,55.88%,52.09%,43.27%,65.10%,37.67%,33.54%,92.72%,61.20%,53.46%,44.82%,60.14%,39.76%,32.81%,90.59%,56.87%,51.98%,41.93%,53.89%,32.48%,30.66%,90.37%,56.55%,52.11%,41.99%,53.04%,32.22%,30.62%,92.36%,57.39%,57.27%,42.54%,22.80%,23.30%,40.20%,93.17%,59.81%,59.70%,44.59%,24.37%,25.96%,43.46%,93.36%,60.65%,60.54%,45.40%,26.37%,27.05%,44.59%,93.83%,61.17%,61.07%,45.84%,27.16%,27.59%,45.23%,30.94%,21.16%,21.13%,19.06%,15.05%,21.00%,21.12%,33.02%,31.91%,31.89%,31.88%,27.46%,32.19%,33.85%,263637.2,281506.6,281515.3,276880.3,195827.1,654495.0,502766.6,305075.4,324757.9,324755.6,318442.0,191735.8,930961.2,685270.8,701.0,758.4,758.4,739.0,519.8,2097.3,1576.6,81589.6,88487.8,88485.5,86404.5,19662.6,287638.2,184767.2,3537.1,3858.6,3858.5,3753.8,761.5,12861.0,7999.4,1335.5,1455.1,1455.1,1416.4,324.5,4822.9,2958.0,802.5,876.2,876.2,849.7,190.9,2781.1,1776.5,799874.5,844281.1,844149.6,822757.6,715388.2,2410231.0,1798238.1,482535.5,509032.3,508968.3,497539.4,413741.6,1389012.8,1068929.3,180447.0,191783.0,191755.3,187334.0,130292.3,545923.8,400181.0,55343.6,58947.6,58930.9,57546.9,39252.6,168201.9,122906.1,334037.7,361375.7,361374.0,352595.2,82569.1,1159921.5,756441.8,275844.3,300308.1,300306.3,292444.8,55761.4,990356.3,623064.0,313339.3,341686.3,341679.6,332646.8,59101.5,1140432.0,707991.4,36961.5,40252.9,40252.3,39236.5,6692.5,134846.5,83591.5,1819.5,1852.5,1852.5,1840.7,1672.7,2677.7,2475.6,1982711.8,1999828.3,2000181.8,1999103.8,2170606.8,2013653.8,1947429.8,503999.3,129165.9,129135.3,103162.7,51867.4,171298.4,167407.0,1963192.0,204201.3,204046.4,161400.6,64883.6,300834.8,264948.4,898.5,562.4,560.0,463.3,282.4,902.3,733.1,94342.2,61413.9,61273.1,41886.1,4967.4,79054.5,84286.3,4655.3,2885.7,2880.5,2052.0,475.0,3920.6,4033.8,1592.2,1091.1,1089.4,776.0,271.3,1520.8,1538.2,964.1,677.0,676.3,518.9,283.7,897.9,914.1,894943.4,580739.7,539818.0,421207.7,567631.3,914364.9,677174.9,548657.8,370407.1,322430.5,253941.6,295671.2,560459.3,392842.5,198965.0,128400.9,117038.6,88126.0,80246.0,181101.4,137258.6,60769.2,39127.3,35953.5,27038.8,23988.5,55261.2,42068.3,377707.3,245669.6,245110.6,166387.3,17648.5,292165.0,331752.9,318201.2,214810.0,214347.0,145946.7,13210.5,278113.7,298233.2,363652.8,248783.7,248277.5,169620.8,15527.7,332436.1,348255.6,43167.2,29639.6,29581.2,20221.2,1846.5,40210.1,41695.2,590.9,416.9,416.4,368.6,256.8,580.0,548.3,645362.7,631283.0,630920.4,630730.0,576046.7,636015.8,653110.4
01-KO1.OEc1-A6,,51774,39693,39661,30385,26,8490,16885,100.00%,76.67%,76.60%,58.69%,0.05%,16.40%,32.61%,100.00%,76.67%,99.92%,76.61%,0.07%,21.41%,42.57%,365989.6,364671.8,364731.5,294384.3,188532.1,607031.1,503568.0,649360.7,535414.4,535483.3,426048.3,197435.0,913490.1,765960.4,1101.2,1093.1,1092.7,857.2,411.9,1906.8,1587.6,184360.8,190229.0,190147.4,143058.3,20101.4,353579.2,277041.9,8358.2,8540.9,8537.6,6387.0,1031.3,16000.1,12406.3,3113.2,3197.3,3195.9,2383.5,301.6,6015.3,4644.1,1785.6,1827.8,1827.0,1370.4,225.9,3411.8,2653.3,1335565.1,1339366.4,1337404.1,1062836.6,1303380.5,2284446.0,1956664.1,815007.6,821266.9,819815.4,654268.3,712813.3,1390900.5,1202627.6,325179.6,330325.8,329853.2,259385.6,207344.7,573374.8,483926.6,100088.1,101855.2,101716.3,79892.0,62581.4,177138.1,149288.4,698075.1,720534.6,720215.9,542159.5,77431.1,1338345.3,1048301.8,612987.7,634407.6,634129.1,473622.3,56909.0,1191550.3,922395.4,716883.0,742853.2,742535.4,553610.5,62605.0,1398691.9,1079628.5,85641.2,88749.4,88711.3,66061.7,7096.4,167390.4,128945.3,2292.4,2371.4,2371.2,2128.8,1602.9,3194.1,2952.0,1799621.4,1858825.8,1859871.5,1849238.8,2086654.5,1896164.8,1847939.3,168.38%,46.70%,46.69%,32.62%,25.35%,25.51%,33.12%,359.37%,52.18%,52.15%,39.95%,32.23%,28.62%,35.00%,103.04%,59.26%,59.17%,48.92%,91.79%,34.35%,40.10%,88.92%,56.05%,55.90%,34.86%,56.34%,26.47%,37.86%,93.61%,58.35%,58.22%,37.86%,67.15%,28.71%,40.74%,90.69%,59.36%,59.23%,38.60%,90.11%,29.86%,42.01%,108.23%,60.45%,60.31%,43.26%,215.57%,30.63%,42.39%,82.69%,52.06%,51.54%,37.93%,89.95%,28.90%,31.34%,81.49%,52.24%,51.57%,38.61%,86.53%,29.53%,30.84%,81.54%,51.55%,51.08%,35.98%,81.42%,26.25%,30.29%,81.51%,51.64%,51.22%,36.00%,81.21%,26.24%,30.41%,87.23%,55.15%,55.00%,33.74%,19.41%,24.93%,36.77%,88.38%,57.07%,56.92%,34.94%,24.71%,26.86%,39.26%,88.61%,57.64%,57.50%,35.47%,30.92%,27.49%,40.00%,88.95%,57.98%,57.83%,35.73%,32.47%,27.83%,40.45%,38.90%,29.50%,29.50%,23.80%,20.95%,20.31%,22.41%,40.74%,37.76%,37.69%,38.22%,35.07%,35.89%,37.99%,275447.9,307800.3,307845.5,270264.4,179417.2,589905.9,481627.1,408434.6,451148.1,451263.0,392360.2,184257.3,897215.8,724785.5,836.5,934.2,934.2,802.9,288.1,1861.2,1495.7,140765.3,159572.8,159553.5,135434.4,18399.6,330006.3,255722.4,6315.3,7140.6,7137.0,6024.0,904.8,15012.8,11397.9,2354.4,2663.1,2662.7,2248.1,295.4,5623.9,4246.4,1378.0,1558.4,1558.3,1307.3,140.4,3217.8,2448.3,1000335.0,1184908.4,1184114.9,905508.0,754425.1,2232044.5,1744868.4,636346.5,711503.8,711244.9,587877.3,464949.9,1358877.3,1094775.8,253608.8,285606.5,285492.8,239373.7,147984.3,555010.4,443459.0,78147.5,87988.0,87944.2,74007.7,45486.4,171501.7,136682.2,539852.9,610232.7,610136.2,518525.7,79510.7,1245368.5,968884.4,470451.6,532017.3,531890.8,451990.6,57296.6,1106006.3,846672.9,548926.1,620766.1,620729.3,526863.1,59742.8,1296979.5,989469.7,65533.5,74158.3,74145.1,62861.8,6600.4,155162.4,118172.5,1989.4,2063.0,2062.8,1954.4,1540.1,3157.0,2978.2,1854373.9,1892851.4,1893260.4,1885382.4,2253954.5,1916569.4,1886451.4,616265.4,170318.0,170298.0,96021.1,47785.5,154870.3,166780.9,2333582.5,279368.3,279228.2,170202.4,63634.8,261399.4,268111.1,1134.7,647.8,646.6,419.4,378.0,655.0,636.6,163926.2,106629.2,106301.6,49865.5,11325.8,93583.3,104875.6,7824.3,4983.7,4971.0,2418.3,692.5,4593.5,5054.0,2823.3,1898.0,1892.8,920.1,271.7,1796.0,1951.1,1932.5,1104.9,1101.9,592.9,487.0,1045.1,1124.8,1104379.1,697298.9,689236.6,403110.1,1172451.0,660204.2,613267.9,664162.4,429050.9,422740.9,252639.2,616800.4,410778.3,370920.0,265156.6,170276.5,168495.8,93317.0,168811.2,150526.7,146578.6,81577.6,52598.1,52094.3,28758.2,50822.0,46483.3,45395.8,608913.9,397385.2,396084.8,182932.0,15027.8,333642.3,385509.9,541738.1,362043.2,360934.7,165489.9,14060.0,320073.6,362163.9,635263.9,428182.1,426922.4,196359.7,19359.0,384433.8,431868.9,76176.5,51458.6,51306.0,23605.4,2303.9,46580.9,52154.0,891.8,699.6,699.4,506.6,335.8,648.9,661.5,733107.4,701848.0,701036.8,706703.8,731784.3,680534.6,702089.0
01-KO1.OEc1-B6,,50809,40740,40729,30379,7,9472,17463,100.00%,80.18%,80.16%,59.79%,0.01%,18.64%,34.37%,100.00%,80.18%,99.97%,74.59%,0.02%,23.26%,42.88%,354494.8,361997.3,362023.9,289443.0,243515.1,587200.2,495331.9,588298.6,519922.3,519943.8,410353.1,162364.7,860971.3,735118.4,1080.3,1095.0,1094.8,850.9,344.9,1855.4,1570.5,189419.4,197932.2,197895.1,146974.0,18772.5,356437.5,285345.0,8679.2,9017.4,9015.6,6663.7,651.1,16341.7,12951.6,3265.2,3369.1,3368.5,2478.9,70.8,6141.8,4848.2,1865.4,1909.5,1909.2,1412.6,58.8,3458.2,2744.5,1292267.6,1334896.4,1334170.9,1049396.3,1050986.6,2219819.8,1930498.1,791966.1,820481.2,819938.4,647878.3,576257.0,1355094.3,1187716.6,320658.7,333224.6,333040.5,259269.3,174080.1,562582.8,482320.9,98616.6,102585.4,102530.8,79745.6,53682.4,173422.9,148532.9,720050.1,753584.2,753470.5,560942.7,76254.1,1352971.9,1084114.0,637165.8,668351.2,668243.0,492735.5,54375.3,1214902.5,961460.3,746128.1,783358.1,783229.9,576155.3,58798.6,1428221.1,1126735.3,89283.6,93738.9,93723.9,68843.2,6692.9,171231.9,134792.7,2244.8,2336.9,2336.8,2079.5,1565.2,3121.5,2886.3,1895970.5,1929359.0,1929655.4,1928680.8,2373780.0,1930062.0,1914044.5,160.14%,45.24%,45.24%,29.74%,33.59%,25.60%,32.31%,344.98%,50.34%,50.34%,35.79%,38.85%,29.98%,34.42%,116.75%,58.04%,58.03%,47.03%,70.32%,35.33%,40.11%,87.16%,54.75%,54.69%,32.69%,15.77%,26.87%,37.51%,89.38%,56.73%,56.67%,35.80%,63.37%,28.54%,39.96%,247.05%,58.00%,57.94%,36.77%,239.53%,29.87%,41.30%,385.51%,59.06%,59.01%,41.12%,283.62%,30.89%,41.98%,79.14%,50.78%,50.66%,35.41%,58.10%,30.34%,31.77%,78.10%,50.68%,50.48%,35.80%,55.40%,30.76%,31.25%,78.85%,50.02%,49.87%,33.21%,50.14%,27.28%,30.59%,78.89%,50.10%,49.96%,33.23%,49.83%,27.22%,30.65%,84.43%,53.67%,53.62%,31.54%,19.13%,25.53%,36.39%,85.94%,55.78%,55.73%,33.01%,18.90%,27.34%,38.92%,86.34%,56.42%,56.37%,33.64%,20.26%,27.94%,39.67%,86.77%,56.82%,56.77%,33.96%,22.90%,28.33%,40.17%,37.80%,28.66%,28.66%,21.71%,17.63%,20.19%,22.54%,34.72%,32.87%,32.85%,33.03%,26.24%,32.39%,33.00%,281455.1,308889.9,308892.6,270386.6,202426.8,569446.9,471002.4,405259.4,442425.9,442429.0,384311.4,142868.9,838270.9,685731.3,859.2,943.8,943.8,809.4,258.3,1804.9,1469.7,148468.2,165433.8,165421.1,140286.0,18605.2,332293.1,262324.2,6787.7,7547.4,7546.6,6361.4,847.7,15319.5,11932.9,2520.0,2809.4,2809.3,2359.8,104.3,5741.4,4428.9,1465.8,1627.5,1627.5,1364.9,8.8,3259.4,2531.2,1010620.0,1182685.8,1182262.4,907839.0,1092179.6,2168061.3,1691723.3,642425.3,713544.1,713509.9,591555.5,603143.2,1320137.6,1068601.0,260551.9,288508.4,288459.0,243099.5,187673.3,542912.6,437992.0,80163.6,88591.2,88579.3,75035.9,58289.1,167374.5,134946.5,572497.6,636301.6,636223.0,541015.2,76484.0,1255291.9,998532.7,501733.1,559141.3,559097.0,472224.4,58598.5,1122907.0,881361.2,585728.2,655033.1,654859.7,550911.4,64601.9,1319996.0,1030638.0,69996.2,78218.0,78212.5,65784.7,7266.2,158337.1,123384.3,1984.0,2047.5,2047.4,1942.2,1625.5,3106.3,2914.2,1908982.1,1927758.6,1927909.1,1929274.1,2693688.0,1922680.6,1914557.1,567675.6,163774.5,163782.4,86074.9,81794.7,150347.1,160025.6,2029499.0,261753.1,261735.6,146845.9,63077.0,258085.6,253039.4,1261.3,635.5,635.3,400.2,242.6,655.5,629.9,165098.1,108364.6,108226.8,48051.7,2959.7,95772.3,107024.3,7757.5,5115.6,5108.8,2385.4,412.6,4663.3,5175.7,8066.7,1954.2,1951.7,911.6,169.7,1834.4,2002.5,7191.2,1127.8,1126.6,580.8,166.6,1068.1,1152.0,1022641.5,677919.8,675831.2,371573.2,610649.3,673581.4,613254.8,618506.9,415820.8,413945.3,231946.9,319259.2,416893.4,371202.2,252837.6,166678.9,166103.9,86094.4,87280.1,153445.2,147533.5,77794.5,51393.8,51227.3,26499.2,26749.0,47214.1,45531.1,607956.6,404431.2,404047.3,176894.7,14586.1,345357.3,394542.3,547602.9,372785.6,372404.0,162651.4,10276.0,332143.3,374196.3,644215.5,442004.2,441542.3,193795.4,11910.5,398992.2,446974.0,77466.9,53263.6,53209.6,23382.1,1532.4,48511.2,54144.9,848.5,669.8,669.7,451.4,276.0,630.1,650.6,658222.9,634210.0,633964.1,637106.1,622772.4,625182.4,631662.7
01-KO1.OEc1-C6,,42606,31430,31395,22241,6,8463,15426,100.00%,73.77%,73.69%,52.20%,0.01%,19.86%,36.21%,100.00%,73.77%,99.89%,70.84%,0.02%,26.96%,49.14%,374235.6,360383.7,360469.1,280648.5,181500.7,564775.7,473428.4,713683.3,555496.6,555676.0,429143.6,236971.6,879568.9,746314.4,1113.2,1126.7,1126.2,854.8,537.4,1820.8,1534.7,197936.8,210615.1,210504.3,150521.0,20846.8,364808.2,290974.9,9144.5,9556.2,9551.1,6783.1,643.6,16674.3,13180.0,3385.5,3574.3,3572.4,2523.2,427.7,6271.8,4937.7,1939.8,2028.9,2028.0,1443.1,234.3,3532.6,2793.0,1353522.8,1403768.3,1401676.1,1072572.3,894335.8,2245964.3,1942217.6,844189.3,877351.4,875629.8,672512.1,495326.3,1396781.1,1215719.3,343154.5,359402.9,358798.9,270840.3,151482.7,584699.4,498189.5,105668.2,110897.4,110718.6,83465.2,46814.2,180725.9,153781.0,749182.6,798312.8,797958.8,572642.4,76712.2,1377825.5,1100287.6,663627.6,708819.7,708490.9,502172.6,57504.3,1239621.1,978268.0,776623.6,830472.8,830092.8,586497.3,64645.2,1457178.9,1146410.5,92846.1,99297.1,99252.1,70005.4,7894.5,174549.0,137045.7,2294.7,2407.7,2406.9,2102.9,1793.3,3173.6,2901.2,1880160.1,1969933.5,1971525.5,1977203.9,2296389.3,1954052.0,1925392.9,235.60%,45.75%,45.73%,29.82%,18.23%,26.71%,34.16%,416.17%,49.33%,49.30%,35.30%,34.66%,29.48%,35.29%,125.95%,56.97%,56.94%,47.17%,31.84%,34.72%,40.83%,95.08%,55.33%,55.26%,32.32%,16.97%,28.07%,39.15%,103.87%,57.46%,57.40%,35.16%,52.23%,30.06%,41.77%,97.39%,58.71%,58.65%,36.16%,36.54%,31.21%,43.07%,157.34%,59.16%,59.11%,40.07%,150.97%,31.72%,43.37%,87.94%,51.07%,50.76%,35.95%,47.35%,30.55%,32.97%,87.80%,51.49%,51.04%,36.65%,45.51%,31.48%,32.98%,87.27%,50.80%,50.48%,33.88%,41.97%,28.22%,32.26%,87.13%,50.89%,50.59%,33.90%,41.04%,28.17%,32.34%,92.62%,53.94%,53.89%,31.04%,20.27%,26.26%,37.69%,94.16%,56.26%,56.21%,32.37%,15.78%,28.26%,40.37%,94.53%,56.98%,56.92%,32.97%,15.36%,28.92%,41.20%,94.88%,57.35%,57.30%,33.27%,14.88%,29.26%,41.67%,44.59%,29.51%,29.49%,22.17%,24.92%,20.55%,23.54%,36.64%,32.73%,32.63%,32.52%,17.32%,32.96%,34.13%,268757.5,307011.8,307130.6,261384.8,175465.8,549454.1,449869.0,419179.6,475616.4,475734.0,400991.6,216824.5,858992.8,699091.8,852.5,977.3,977.0,809.2,545.5,1775.7,1432.6,151178.4,176724.5,176590.9,144505.3,21137.6,339872.8,266221.8,6884.1,7978.8,7975.2,6503.6,651.9,15518.3,12060.9,2546.1,2973.8,2972.1,2403.8,386.3,5842.3,4504.0,1489.4,1725.4,1724.9,1396.9,334.3,3316.5,2567.1,1041971.0,1268421.5,1267312.6,930349.0,819305.4,2181957.3,1705477.5,672331.4,771029.4,770482.9,614243.2,499772.6,1349622.6,1088137.6,272209.0,314513.4,314263.0,254299.9,161256.1,561178.6,449895.6,83867.8,96865.2,96788.0,78664.3,50288.4,173395.6,138933.0,582344.8,677677.8,677482.2,555998.5,80844.5,1282040.3,1010896.9,508789.8,595867.8,595468.6,484706.7,59563.8,1147709.8,893434.8,593553.3,695527.9,695185.2,564662.7,66882.6,1347202.1,1047677.4,70860.6,83109.7,83087.2,67369.9,8152.3,161538.9,124922.8,2005.6,2097.8,2097.3,1961.0,1651.6,3152.7,2918.2,1970300.6,2031489.1,2032086.1,2036169.1,2438391.5,2017126.1,2006075.6,881680.7,164873.6,164840.8,83695.4,33089.8,150835.9,161746.5,2970152.3,274005.0,273937.6,151490.6,82127.0,259328.3,263376.1,1402.1,641.8,641.3,403.2,171.1,632.2,626.6,188192.8,116530.3,116317.8,48653.1,3537.1,102400.8,113925.0,9498.1,5490.8,5482.2,2385.2,336.2,5012.3,5505.5,3297.2,2098.5,2095.2,912.4,156.3,1957.7,2126.8,3052.2,1200.4,1198.7,578.3,353.8,1120.5,1211.4,1190301.1,716897.2,711521.2,385636.2,423476.8,686057.4,640397.3,741188.1,451747.7,446948.1,246484.0,225406.6,439774.5,400968.1,299473.5,182592.2,181135.7,91760.6,63581.2,165029.6,160717.4,92072.5,56434.2,56017.8,28291.7,19210.5,50904.7,49731.2,693899.7,430600.8,430035.8,177762.3,15547.5,361836.0,414693.9,624867.6,398780.9,398212.9,162567.7,9076.8,350260.4,394963.3,734156.2,473170.8,472499.3,193381.6,9927.2,421385.9,472332.5,88091.2,56949.9,56871.0,23293.2,1174.8,51072.7,57107.9,1023.3,710.4,709.8,466.3,446.9,652.2,683.0,688902.7,644738.6,643314.1,643056.4,397625.2,644007.9,657227.2
01-KO1.OEc1.AZ-D6,,24419,17684,17654,12986,17,4276,9680,100.00%,72.42%,72.30%,53.18%,0.07%,17.51%,39.64%,100.00%,72.42%,99.83%,73.56%,0.10%,24.22%,54.83%,422640.4,384389.4,384532.7,308581.1,185133.9,608162.8,486302.3,845799.1,589081.1,589322.6,466705.8,210420.8,950540.5,765584.5,1357.6,1223.3,1222.1,962.9,459.3,1984.9,1597.6,204137.8,194682.4,194534.2,141792.5,20154.0,350687.3,258351.4,9280.9,8746.2,8740.5,6341.3,1007.9,15846.9,11584.1,3409.8,3232.0,3230.0,2341.6,364.7,5862.9,4273.8,1944.1,1841.5,1840.5,1347.1,332.7,3304.5,2426.8,1606636.3,1514037.6,1508357.9,1191755.4,940644.9,2441921.3,2008607.3,1022189.4,968269.3,964024.6,760939.4,522215.8,1563084.4,1290634.1,409667.5,388777.9,387419.7,300121.5,159334.5,645286.8,518697.5,127759.4,121425.7,121025.8,93537.7,49045.3,202245.1,162104.5,790545.4,756885.1,756302.3,552533.6,76250.6,1360469.9,1003122.9,690277.3,664205.1,663724.9,479271.8,56389.2,1210716.3,881119.4,801695.1,772890.3,772354.5,556002.1,62409.1,1413912.1,1025456.2,95586.7,92180.8,92117.5,66178.7,7256.7,169046.5,122317.8,2406.3,2436.6,2436.0,2176.0,1696.9,3194.6,2851.3,1822654.9,1878792.4,1880951.3,1883036.4,2007519.4,1872659.4,1841424.1,197.14%,45.55%,45.53%,33.18%,21.78%,26.16%,35.25%,371.25%,50.39%,50.36%,40.42%,39.08%,28.36%,37.09%,107.43%,56.86%,56.70%,49.42%,72.23%,34.52%,42.33%,102.73%,56.95%,56.77%,35.48%,25.76%,27.67%,42.15%,108.67%,58.89%,58.75%,38.49%,38.22%,29.50%,44.48%,105.07%,59.61%,59.47%,38.81%,51.04%,30.81%,45.55%,104.97%,60.11%,59.98%,42.90%,69.00%,31.55%,46.08%,91.66%,53.36%,50.99%,39.69%,81.93%,30.34%,34.60%,91.07%,54.43%,51.56%,40.10%,77.00%,31.17%,34.44%,92.40%,52.54%,51.04%,37.09%,68.65%,27.78%,33.84%,92.40%,52.52%,51.23%,37.08%,67.18%,27.68%,34.00%,100.17%,55.94%,55.77%,34.13%,19.21%,26.51%,41.14%,101.39%,58.38%,58.22%,35.78%,20.59%,28.64%,43.86%,101.57%,59.14%,58.98%,36.47%,22.46%,29.33%,44.69%,101.89%,59.61%,59.46%,36.82%,23.93%,29.75%,45.22%,42.67%,29.76%,29.74%,23.84%,22.35%,22.45%,25.20%,38.63%,35.18%,35.05%,35.07%,34.92%,35.01%,36.05%,300430.3,333610.3,333885.0,285380.3,170386.2,598592.8,460307.2,461116.2,503727.4,503902.3,427053.8,188094.2,945016.1,714208.8,969.7,1055.2,1054.7,891.7,368.8,1959.8,1490.8,147962.8,164588.3,164571.3,136372.8,19991.4,324952.8,234723.3,6682.5,7409.4,7409.4,6067.7,1015.1,14746.8,10587.8,2462.6,2730.8,2730.8,2240.5,433.6,5433.9,3873.9,1425.2,1580.2,1579.8,1290.1,354.3,3100.9,2228.6,1251627.3,1378807.0,1376727.0,1066008.5,776535.9,2403173.0,1776335.0,784248.0,855431.8,854212.1,704556.0,424066.9,1536033.4,1160109.8,310009.9,339914.1,339536.4,283191.4,132732.2,627324.1,468816.4,96719.6,105937.0,105826.8,88362.6,40500.0,195940.8,146647.0,580652.8,645736.9,645664.4,534617.6,82580.9,1259597.9,910983.6,503541.9,562770.0,562695.3,462846.2,59514.7,1115137.8,796321.8,583241.7,652798.8,652782.9,536119.4,62350.7,1299819.1,925401.3,69452.6,77881.8,77875.3,63634.6,6844.3,155398.6,110231.0,2074.6,2143.8,2143.0,2008.5,1603.9,3176.6,2805.2,1775232.0,1838628.0,1840119.5,1851897.5,2187600.0,1779802.0,1755865.0,833189.3,175078.3,175094.4,102372.8,40326.6,159083.6,171424.9,3140000.0,296864.6,296768.8,188647.6,82226.3,269587.3,283955.5,1458.4,695.6,692.9,475.8,331.8,685.2,676.2,209703.1,110868.2,110439.5,50314.7,5192.4,97038.6,108890.1,10085.5,5150.9,5135.3,2440.8,385.2,4674.1,5152.1,3582.5,1926.7,1920.9,908.9,186.2,1806.4,1946.8,2040.7,1106.9,1104.0,578.0,229.5,1042.7,1118.2,1472567.1,807819.8,769178.4,473046.1,770678.5,740816.6,694996.9,930940.0,527007.6,497087.3,305106.4,402131.0,487275.2,444478.0,378515.0,204279.5,197742.9,111317.3,109379.7,179281.6,175505.1,118044.2,63769.2,62001.3,34686.2,32949.1,55972.2,55121.5,791912.2,423382.5,421785.4,188564.0,14645.7,360693.9,412694.6,699851.6,387759.3,386434.8,171499.4,11608.3,346764.7,386439.8,814308.9,457063.7,455555.2,202753.6,14014.3,414651.4,458318.2,97392.4,54948.0,54769.3,24366.4,1736.8,50295.4,55308.7,1026.8,725.1,724.5,518.7,379.2,717.0,718.6,704011.9,660956.6,659340.6,660464.8,700968.0,655591.6,663852.8
01-KO1.OEc1.AZ-E6,,26339,18866,18854,13778,10,4650,10388,100.00%,71.63%,71.58%,52.31%,0.04%,17.65%,39.44%,100.00%,71.63%,99.94%,73.08%,0.05%,24.66%,55.10%,424816.9,392576.3,392648.8,314288.3,212215.0,617261.0,496633.9,874049.7,581549.1,581620.6,455845.5,184218.5,942237.5,759203.6,1302.9,1236.1,1235.7,965.5,359.8,2013.7,1620.8,194571.0,196207.6,196170.1,143921.7,19630.1,346918.9,258443.8,9017.6,8888.6,8886.7,6493.2,678.0,15793.9,11678.2,3285.8,3289.5,3289.0,2399.8,195.1,5860.3,4318.9,1896.7,1864.9,1864.5,1377.0,138.7,3272.7,2439.6,1516478.8,1507900.9,1505740.4,1186241.3,1112264.0,2425120.8,1998548.4,959519.1,956943.1,955383.5,754468.8,614147.1,1533800.6,1270541.4,385181.8,384810.8,384322.9,298592.3,183587.4,631257.2,510327.3,120084.1,120094.9,119949.7,93047.2,56132.2,197453.6,159276.9,755537.4,763949.2,763810.5,560735.8,82625.3,1349819.8,1005006.4,661747.1,673401.8,673284.1,489341.8,57024.5,1204248.1,886043.5,768670.1,784008.9,783881.9,568278.5,61431.9,1406219.8,1031627.3,91635.0,93498.3,93483.2,67640.5,7070.5,168084.4,123021.6,2331.5,2405.0,2404.6,2143.1,1640.9,3145.2,2813.3,1824324.3,1869860.1,1870686.8,1873278.0,1985557.9,1858137.0,1849666.8,223.00%,44.82%,44.82%,32.53%,19.63%,25.20%,34.03%,429.85%,50.47%,50.45%,39.64%,30.11%,27.96%,36.55%,108.00%,56.85%,56.80%,48.95%,20.42%,34.43%,41.81%,104.88%,54.97%,54.94%,34.72%,16.11%,26.65%,40.73%,114.52%,56.79%,56.75%,37.56%,66.89%,28.33%,42.91%,104.36%,57.58%,57.56%,38.26%,141.48%,29.40%,43.96%,175.74%,58.00%,57.98%,42.30%,220.73%,30.62%,44.28%,91.75%,50.53%,50.08%,38.40%,77.89%,29.57%,33.63%,91.52%,50.70%,50.16%,38.48%,76.30%,30.25%,33.42%,93.32%,49.78%,49.45%,35.51%,69.82%,26.89%,32.85%,93.39%,49.84%,49.54%,35.44%,68.08%,26.76%,32.97%,102.34%,53.98%,53.96%,33.07%,15.29%,25.34%,39.78%,103.49%,56.15%,56.13%,34.85%,15.42%,27.16%,42.22%,103.67%,56.83%,56.81%,35.61%,18.06%,27.76%,42.96%,104.08%,57.28%,57.26%,35.97%,20.31%,28.16%,43.48%,44.46%,29.10%,29.09%,23.22%,14.90%,21.39%,24.42%,36.71%,33.88%,33.83%,34.11%,33.09%,33.17%,34.37%,301072.8,342607.4,342656.4,292979.4,201292.3,605861.0,471320.9,444285.0,496799.1,496904.9,419053.8,178823.5,929302.3,710676.3,959.0,1072.4,1072.4,901.9,378.7,1952.9,1504.4,144478.1,168037.8,168025.0,138504.1,19646.4,324819.2,235700.0,6623.7,7594.5,7593.5,6243.5,528.5,14777.8,10701.6,2440.0,2820.4,2819.6,2296.3,237.2,5492.9,3923.3,1413.2,1631.1,1630.8,1328.1,202.6,3098.6,2244.0,1215082.1,1391793.6,1391188.0,1066201.5,792819.7,2392452.5,1750100.3,759843.5,857227.1,856972.8,700101.6,450561.5,1508279.6,1137064.3,299542.6,339595.2,339479.9,281882.8,136915.8,614841.4,459140.1,93152.0,105842.5,105803.8,87874.3,42106.9,192116.7,143414.1,570311.3,658131.4,657914.8,545492.1,86714.6,1254565.4,916215.8,496242.1,576084.5,576026.4,473447.5,59208.6,1117577.6,805312.4,575426.0,668549.3,668457.3,549424.9,62005.9,1305243.8,935190.4,68406.0,79639.1,79616.2,65388.1,6987.9,156194.9,111320.5,2026.5,2118.0,2117.5,1982.6,1618.7,3119.0,2783.4,1863238.8,1886736.8,1886915.3,1892263.3,2036284.3,1865120.8,1868436.3,947338.3,175956.9,175971.9,102227.2,41648.9,155536.5,169011.5,3757100.5,293482.5,293407.7,180682.7,55465.6,263491.0,277518.9,1407.2,702.8,701.9,472.6,73.5,693.3,677.7,204066.2,107848.7,107772.1,49964.2,3162.9,92463.8,105264.2,10326.7,5047.8,5043.3,2438.6,453.5,4474.1,5010.6,3429.1,1894.2,1893.2,918.1,276.1,1722.8,1898.5,3333.2,1081.6,1081.1,582.4,306.2,1002.1,1080.3,1391297.8,761972.7,754067.9,455547.0,866326.3,717017.6,672072.5,878111.7,485209.3,479235.3,290339.7,468581.1,463903.1,424563.3,359443.3,191569.4,190056.4,106033.3,128178.9,169753.9,167645.9,112145.5,59854.5,59422.8,32978.7,38215.8,52838.8,52509.8,773195.1,412405.0,412168.8,185433.2,12633.3,342083.3,399744.5,684845.3,378130.2,377912.5,170542.6,8791.3,327084.0,374074.3,796902.4,445582.7,445332.2,202337.2,11097.4,390367.8,443165.9,95370.9,53557.4,53527.7,24331.7,1436.0,47335.7,53486.4,1036.7,699.9,699.6,497.5,244.5,672.9,687.1,669629.3,633491.8,632829.6,638919.1,656971.6,616385.9,635666.9
01-KO1.OEc1.AZ-F6,,23590,16219,16199,12075,11,3782,8581,100.00%,68.75%,68.67%,51.19%,0.05%,16.03%,36.38%,100.00%,68.75%,99.88%,74.54%,0.07%,23.35%,52.97%,393611.5,384966.1,385070.7,309955.3,192992.5,617189.7,493756.6,748337.4,575788.8,575940.8,454664.9,224591.4,949728.1,760452.1,1279.4,1238.1,1237.6,972.4,468.8,2055.4,1645.2,186700.9,190558.6,190419.8,140260.2,19407.3,346089.4,255981.3,8454.9,8565.0,8559.0,6279.6,996.8,15631.0,11478.2,3115.7,3170.5,3168.3,2318.6,384.1,5806.2,4237.2,1783.4,1808.6,1807.5,1335.6,204.2,3270.7,2412.1,1495992.8,1493951.9,1490477.6,1181902.8,1374816.8,2442616.8,2011011.6,948649.4,949572.2,946873.6,750463.5,753107.4,1552751.5,1283895.9,378223.7,380412.7,379489.8,295555.5,221520.1,638904.1,514409.1,117825.6,118708.0,118432.7,92069.4,67463.0,199939.9,160576.5,725568.1,741824.7,741286.9,547060.3,77551.4,1344611.6,994545.4,632120.2,650074.8,649607.8,474455.5,54751.5,1193808.3,872423.2,733034.3,755508.9,754979.6,549992.3,59729.8,1391849.6,1014088.5,87345.4,90050.0,89987.3,65433.5,6946.7,166288.0,120866.7,2313.9,2410.8,2410.4,2158.2,1890.1,3176.9,2845.6,1737664.5,1828282.4,1829896.3,1834618.9,1951148.9,1819877.3,1797889.8,212.30%,45.72%,45.68%,33.42%,25.86%,25.37%,34.65%,365.34%,51.44%,51.40%,40.76%,46.31%,28.27%,37.47%,116.55%,58.33%,58.29%,50.54%,60.30%,35.37%,42.87%,104.05%,56.53%,56.42%,35.45%,31.35%,27.19%,41.45%,104.82%,58.38%,58.29%,38.71%,56.26%,28.75%,43.58%,103.66%,59.31%,59.21%,38.99%,79.07%,30.14%,45.11%,104.66%,59.92%,59.83%,43.80%,212.04%,30.75%,45.30%,91.54%,51.92%,51.05%,38.79%,100.21%,30.66%,34.15%,91.63%,52.76%,51.70%,39.34%,96.55%,31.73%,34.27%,93.70%,51.79%,51.09%,36.52%,89.65%,28.04%,33.64%,93.84%,51.85%,51.21%,36.45%,88.26%,27.90%,33.77%,102.07%,55.36%,55.24%,33.91%,28.94%,25.62%,40.29%,102.87%,57.67%,57.57%,35.73%,24.53%,27.62%,42.82%,102.93%,58.42%,58.32%,36.48%,24.96%,28.35%,43.64%,103.24%,58.89%,58.78%,36.85%,25.64%,28.78%,44.17%,44.07%,29.36%,29.35%,23.38%,29.30%,21.87%,24.61%,42.87%,38.69%,38.60%,38.92%,24.58%,37.53%,39.18%,284369.6,332915.6,333227.3,286596.7,173421.0,607701.6,469157.3,425706.0,491937.8,492046.6,418854.8,208255.1,947559.6,714432.0,916.0,1063.7,1063.6,896.4,481.2,2035.9,1536.0,135658.2,160444.2,160397.4,133814.9,18624.3,322956.8,234026.4,6145.6,7227.6,7225.3,5991.4,935.7,14630.8,10548.1,2252.4,2668.7,2668.4,2197.3,284.0,5434.3,3857.7,1315.3,1558.4,1557.7,1280.3,152.4,3101.9,2218.4,1166064.8,1361169.8,1359792.9,1051271.9,828587.9,2401671.5,1769710.3,731784.9,839514.3,838852.4,690251.4,465134.2,1512820.5,1149908.1,286124.8,331814.4,331531.3,276732.0,152072.9,616669.1,464442.0,88972.9,103258.8,103177.9,86247.3,46658.9,192510.3,145212.9,533413.4,627694.2,627350.3,525176.3,91639.2,1253382.3,912092.4,462560.9,546344.1,546234.6,455897.3,59164.9,1104179.8,797540.3,535984.7,633299.4,633073.3,527233.7,63675.9,1285391.0,926768.1,63847.5,75395.8,75374.5,62739.3,7210.7,153821.5,110287.2,2019.8,2119.2,2119.1,1992.2,1766.6,3148.5,2819.3,1689876.0,1760802.0,1762430.0,1826345.0,2033377.0,1733413.5,1719844.0,835630.9,175993.7,175892.0,103592.5,49909.3,156599.9,171065.8,2734001.5,296159.8,296054.8,185303.6,104004.7,268528.7,284926.6,1491.1,722.2,721.4,491.4,282.7,726.9,705.3,194267.3,107726.5,107426.8,49727.9,6083.5,94096.3,106093.2,8862.8,5000.5,4989.3,2430.9,560.8,4494.4,5002.2,3229.7,1880.4,1875.9,904.0,303.7,1750.0,1911.2,1866.5,1083.6,1081.3,585.0,433.0,1005.8,1092.6,1369383.3,775644.9,760946.1,458513.2,1377759.3,748985.9,686808.9,869274.9,500998.3,489507.4,295247.0,727129.4,492663.3,440043.7,354399.9,196999.0,193869.7,107923.6,198583.1,179121.2,173046.7,110564.0,61544.7,60648.7,33557.7,59543.2,55791.1,54230.0,740576.0,410666.8,409517.8,185515.5,22440.7,344503.4,400701.3,650260.3,374927.7,373951.5,169501.7,13432.8,329671.3,373613.3,754519.3,441377.9,440271.4,200636.8,14911.1,394568.4,442587.2,90179.5,53026.6,52894.6,24109.3,1781.4,47864.3,53392.5,1019.6,707.9,707.5,504.7,553.8,694.9,700.4,744915.6,707415.8,706298.4,714078.9,479574.4,683082.3,704366.8
01-KO2.OEc1-A7,,115157,96510,96504,92405,183,3385,11377,100.00%,83.81%,83.80%,80.24%,0.16%,2.94%,9.88%,100.00%,83.81%,99.99%,95.75%,0.19%,3.51%,11.79%,290206.3,303050.9,303051.4,287341.8,190015.9,694349.6,548147.2,403731.5,360884.9,360896.7,339399.1,208415.0,896205.9,732174.5,737.0,781.1,781.1,730.7,475.6,2036.6,1652.9,96284.8,103495.9,103495.1,95474.3,21273.2,306124.4,213410.6,4215.0,4475.9,4475.9,4117.2,788.2,13523.8,9190.7,1576.7,1688.1,1688.1,1552.7,333.6,5107.6,3451.6,944.0,1009.0,1009.0,929.9,236.3,3006.6,2066.4,889602.1,947578.0,947481.4,890158.7,648249.0,2371445.5,2006602.8,512731.5,544936.6,544849.3,512012.5,365903.1,1360762.5,1175101.8,189849.5,202270.7,202245.4,189105.1,113531.0,530320.6,436352.3,57745.8,61555.6,61548.4,57528.3,34605.5,161917.6,132998.0,385593.2,414343.7,414342.8,381726.3,78663.4,1238158.4,859943.3,324611.5,349710.9,349708.7,321613.3,57270.2,1059803.5,719256.6,372171.4,401275.4,401272.8,368986.0,63001.3,1217391.3,821369.4,44125.0,47581.1,47580.7,43737.1,7364.4,144740.1,97220.4,1940.2,2005.2,2005.2,1963.8,1690.3,3019.6,2882.4,2044483.5,2073331.6,2073360.0,2074842.6,2177601.8,2031615.4,2005768.5,174.05%,44.59%,44.59%,37.06%,19.23%,26.99%,32.83%,446.35%,54.17%,54.16%,46.31%,29.78%,32.14%,34.04%,90.28%,66.27%,66.25%,59.51%,82.85%,39.12%,39.50%,73.71%,56.86%,56.86%,43.89%,29.32%,22.58%,35.95%,91.15%,61.79%,61.79%,49.69%,65.53%,25.26%,40.12%,79.80%,62.38%,62.38%,50.24%,80.59%,26.74%,41.24%,85.47%,66.54%,66.55%,56.94%,128.81%,27.90%,42.35%,69.63%,53.39%,53.25%,44.85%,59.60%,31.87%,28.14%,71.02%,55.28%,54.96%,46.82%,57.66%,34.30%,27.78%,70.38%,54.04%,53.83%,44.31%,52.08%,29.00%,26.92%,70.61%,54.24%,54.05%,44.48%,51.98%,29.04%,27.03%,73.27%,56.88%,56.88%,43.56%,20.59%,21.28%,35.47%,74.34%,58.68%,58.68%,45.23%,25.39%,22.84%,37.97%,74.55%,59.19%,59.19%,45.83%,27.99%,23.49%,38.75%,74.86%,59.58%,59.58%,46.20%,27.43%,23.89%,39.31%,32.58%,25.17%,25.16%,23.02%,17.94%,21.45%,20.71%,27.12%,25.77%,25.77%,25.71%,22.98%,27.28%,27.75%,246751.8,264164.6,264164.6,260291.9,181436.3,678911.0,526203.0,285736.1,303787.3,303796.2,298106.7,197703.1,896580.7,692238.9,623.7,678.4,678.5,661.7,443.5,2019.3,1565.2,79512.4,85813.0,85813.0,84072.8,20898.2,290122.6,197247.0,3415.2,3716.9,3716.9,3629.4,771.2,12902.2,8468.9,1304.6,1415.1,1415.0,1382.0,352.2,4879.4,3167.6,801.2,875.4,875.4,851.8,232.9,2876.1,1940.3,726032.3,754853.0,754862.6,743729.4,636327.7,2327030.8,1865827.6,432436.1,453620.8,453627.2,445534.3,347710.3,1340247.8,1079501.5,159915.6,169205.5,169208.3,165899.5,107117.9,515769.4,399172.6,48794.0,51668.7,51670.4,50686.2,32984.9,157768.4,121736.2,320651.1,346351.4,346346.1,338882.2,81745.5,1160686.5,796343.4,267731.5,290297.4,290294.4,283675.5,57797.1,997154.3,660936.4,306099.8,331945.1,331942.6,324491.2,62716.7,1149309.0,753668.8,36231.4,39337.4,39337.1,38418.1,7354.3,136997.6,89038.8,1804.3,1835.2,1835.2,1823.6,1657.5,2930.0,2848.3,2103749.3,2132894.8,2132924.3,2134314.3,2287540.3,2068675.1,2026412.1,505105.7,135122.4,135124.8,106476.8,36543.1,187384.5,179944.4,1802068.0,195477.7,195473.9,157173.3,62061.4,288043.4,249221.6,665.4,517.6,517.5,434.8,394.1,796.7,652.9,70971.9,58843.4,58843.3,41905.4,6237.2,69122.3,76713.1,3842.2,2765.5,2765.6,2045.9,516.5,3416.3,3687.2,1258.2,1053.0,1053.0,780.0,268.9,1365.8,1423.4,806.9,671.4,671.4,529.5,304.4,839.0,875.2,619459.4,505953.9,504518.6,399224.0,386359.9,755733.9,564749.9,364157.4,301237.3,299443.9,239735.5,210979.8,466763.9,326396.3,133619.0,109299.4,108874.6,83796.0,59128.7,153814.2,117475.7,40772.9,33385.0,33268.9,25587.6,17988.1,47022.0,35946.4,282525.8,235695.8,235698.5,166285.4,16197.9,263458.7,305054.2,241321.3,205221.6,205224.1,145470.7,14543.7,242108.3,273128.3,277445.0,237526.0,237529.2,169111.8,17636.7,286020.6,318293.7,33034.0,28349.4,28349.8,20204.6,2019.8,34573.7,38212.7,632.1,504.6,504.6,452.1,303.2,647.8,597.0,554531.6,534290.4,534271.1,533483.6,500505.6,554179.5,556683.2
01-KO2.OEc1-B7,,128501,106669,106638,102574,243,3278,11236,100.00%,83.01%,82.99%,79.82%,0.19%,2.55%,8.74%,100.00%,83.01%,99.97%,96.19%,0.23%,3.07%,10.54%,280693.9,300232.8,300238.8,286191.9,193250.0,702018.1,549248.2,345647.3,342255.7,342271.8,323731.7,210669.0,872924.9,704143.6,716.4,751.9,751.5,707.2,458.9,2019.8,1630.4,92232.9,100111.8,100102.5,93070.2,21701.7,303657.2,209814.0,3986.8,4303.2,4302.8,3990.3,825.4,13349.9,8942.8,1514.5,1624.2,1624.0,1505.7,412.8,5050.9,3365.9,914.7,970.4,970.2,901.0,376.8,2963.1,2016.1,847471.7,910898.4,909738.8,859172.6,599663.5,2353056.8,2000966.0,489258.3,523589.1,522555.7,493552.9,341546.9,1349761.1,1175764.0,180482.1,193545.6,193230.6,181707.5,106577.0,523106.3,433634.5,54705.1,58705.5,58615.7,55103.3,32468.7,159159.8,131852.0,369877.7,401530.5,401507.7,372949.8,76446.8,1227886.9,847388.9,311885.8,339618.8,339600.4,314941.4,55888.1,1053997.9,708729.1,357838.1,390014.5,389995.8,361627.6,62100.6,1212196.3,809342.1,42476.5,46296.1,46294.1,42912.0,7420.0,144319.0,95868.5,1924.4,2002.7,2002.7,1965.6,1689.4,3040.8,2872.2,1983169.8,2012623.4,2012938.9,2013901.4,2147552.3,1979320.6,1959914.6,165.42%,44.80%,44.79%,37.63%,20.06%,28.51%,34.03%,316.60%,54.57%,54.56%,46.89%,34.77%,34.15%,35.52%,199.34%,68.12%,67.91%,61.38%,65.05%,41.55%,42.08%,75.36%,56.83%,56.80%,44.51%,42.40%,23.04%,36.52%,93.05%,61.92%,61.90%,50.37%,98.36%,26.09%,41.17%,355.86%,62.61%,62.59%,50.91%,348.22%,27.25%,42.18%,560.19%,67.87%,67.85%,58.16%,559.21%,28.26%,43.01%,75.95%,56.61%,54.82%,46.80%,70.50%,33.88%,28.67%,86.11%,61.53%,57.01%,49.34%,69.42%,36.33%,28.26%,90.89%,58.90%,55.51%,46.63%,63.61%,30.57%,27.18%,89.27%,58.81%,55.84%,46.94%,63.89%,30.66%,27.23%,73.59%,56.74%,56.71%,44.26%,22.43%,21.08%,35.63%,75.01%,58.56%,58.54%,45.89%,26.63%,23.02%,38.35%,75.39%,59.09%,59.06%,46.46%,29.08%,23.85%,39.23%,76.02%,59.50%,59.47%,46.84%,45.22%,24.27%,39.84%,32.26%,24.81%,24.81%,22.72%,16.08%,22.46%,21.61%,30.29%,28.88%,28.87%,28.82%,26.13%,30.11%,30.56%,243431.5,261445.2,261451.4,258153.3,186422.4,690034.4,523207.8,269921.0,288474.6,288498.4,283776.9,191983.8,875889.4,659412.3,597.6,652.4,652.3,637.9,427.4,1985.9,1520.9,76483.5,83184.2,83176.8,81635.3,21335.7,286193.8,193545.9,3252.4,3578.4,3578.2,3500.1,720.8,12707.6,8231.8,1247.4,1365.0,1364.8,1337.0,333.6,4799.0,3073.7,763.3,845.6,845.5,824.5,243.2,2859.0,1870.6,711638.6,743737.6,743702.0,734014.0,603521.4,2312379.8,1864017.3,418634.3,443958.7,443911.4,436537.6,334837.9,1330396.4,1081038.1,154079.4,164469.2,164457.3,161552.6,103458.0,510725.3,396608.9,46857.0,50071.4,50068.8,49187.5,31421.0,155464.8,120530.3,309391.4,336482.0,336491.4,330096.6,80935.1,1151535.8,787005.7,258335.2,281768.5,281764.6,276432.6,56682.5,987544.1,652061.4,295525.1,322259.7,322255.7,316041.1,61606.9,1136792.5,742801.9,35044.9,38211.6,38209.9,37490.9,7203.0,135393.2,87866.6,1804.3,1839.2,1839.2,1829.4,1676.3,2942.6,2829.2,1960605.3,1980696.3,1980921.8,1982522.8,2194258.3,1921772.3,1913925.3,464321.5,134489.5,134485.9,107698.0,38775.2,200169.4,186891.7,1094311.4,186784.5,186760.3,151787.8,73244.6,298111.3,250089.9,1428.1,512.2,510.3,434.1,298.5,839.2,686.0,69504.2,56892.3,56854.1,41427.0,9201.8,69976.0,76613.8,3709.6,2664.7,2663.4,2009.7,811.9,3483.5,3682.0,5389.4,1017.0,1016.5,766.5,1437.5,1376.4,1419.9,5123.8,658.6,658.3,524.1,2107.4,837.5,867.1,643653.7,515622.0,498706.4,402085.9,422791.4,797324.3,573745.3,421315.4,322158.7,297911.1,243515.8,237103.8,490400.9,332291.3,164035.1,113991.3,107271.4,84727.5,67789.3,159911.4,117856.8,48833.3,34524.9,32731.8,25867.8,20743.5,48800.7,35908.3,272201.3,227828.7,227680.1,165052.2,17144.0,258840.6,301883.8,233958.5,198895.8,198785.4,144530.8,14885.1,242662.9,271774.3,269783.2,230457.9,230337.1,168006.3,18061.5,289163.6,317518.1,32290.5,27545.1,27531.5,20100.3,3355.0,35023.7,38189.8,620.8,496.8,496.8,446.6,271.6,682.8,620.8,600682.4,581328.9,581039.0,580477.6,561162.6,596068.4,598899.4
01-KO2.OEc1-C7,,108926,89779,89771,85870,200,3180,10616,100.00%,82.42%,82.41%,78.83%,0.18%,2.92%,9.75%,100.00%,82.42%,99.99%,95.65%,0.22%,3.54%,11.83%,286726.8,307815.2,307821.8,291378.9,191475.6,711454.6,563267.4,387723.4,365099.2,365118.9,342980.0,209191.2,909021.0,739380.6,753.5,816.8,816.9,763.6,453.6,2126.0,1725.1,93099.9,102330.5,102331.3,94223.8,21346.8,304180.0,214540.2,4043.5,4408.8,4408.8,4046.8,787.8,13432.1,9223.8,1517.3,1664.2,1664.2,1528.2,349.3,5053.7,3465.3,908.8,996.1,996.1,916.8,218.7,2972.8,2073.6,857209.4,933381.3,933386.4,874943.1,559505.4,2373438.0,2000689.0,492112.8,535567.6,535564.4,502129.5,312530.1,1360378.6,1169231.5,182005.5,198554.0,198553.4,185248.5,98147.3,527642.1,434304.3,55298.8,60343.8,60343.7,56280.6,29845.3,160853.0,132312.2,373779.8,410719.4,410721.8,377938.1,77251.1,1228203.5,862024.4,314771.7,346887.0,346886.4,318564.8,56641.9,1053394.9,723751.9,360840.6,397992.4,397991.0,365404.5,62865.6,1210846.0,827546.4,42834.8,47250.1,47249.8,43366.2,7350.8,144134.5,98090.5,1936.7,2027.2,2027.3,1985.3,1691.8,3038.8,2889.4,1996879.0,2006825.8,2006845.5,2008403.0,2132508.3,1961790.6,1959394.6,162.92%,45.56%,45.56%,37.96%,20.68%,26.61%,31.82%,400.12%,54.21%,54.20%,46.35%,32.07%,30.47%,32.85%,88.10%,66.58%,66.58%,60.00%,81.54%,38.10%,39.44%,76.90%,57.64%,57.64%,44.60%,26.03%,22.03%,34.94%,91.78%,62.57%,62.57%,50.19%,61.64%,25.05%,39.46%,83.51%,63.56%,63.56%,51.60%,87.20%,26.53%,42.07%,88.41%,69.38%,69.38%,60.63%,144.98%,28.24%,47.15%,71.92%,55.02%,55.01%,46.52%,55.98%,31.97%,28.36%,73.48%,56.75%,56.74%,48.53%,56.92%,34.15%,27.94%,73.21%,55.73%,55.72%,46.31%,52.25%,28.75%,26.81%,73.60%,56.05%,56.05%,46.63%,52.89%,28.76%,26.85%,76.21%,57.60%,57.60%,44.41%,20.27%,21.01%,34.66%,77.60%,59.24%,59.24%,45.78%,23.67%,22.33%,36.93%,77.91%,59.68%,59.68%,46.24%,25.60%,22.88%,37.61%,78.25%,60.03%,60.03%,46.55%,25.87%,23.23%,38.13%,33.11%,25.49%,25.49%,23.40%,15.57%,21.71%,20.61%,30.82%,30.24%,30.24%,30.20%,26.28%,31.58%,31.89%,245297.7,263980.9,263999.4,260099.7,181803.0,702080.1,534846.6,284258.4,305507.3,305521.8,299696.0,198366.1,907511.0,694490.4,640.0,705.5,705.6,687.3,403.5,2110.0,1621.3,76866.5,84244.5,84244.2,82420.0,21189.4,287907.5,198853.1,3287.8,3646.8,3646.6,3555.8,754.0,12806.2,8506.3,1256.4,1390.1,1390.0,1357.3,350.7,4807.5,3180.0,769.8,862.3,862.3,837.5,214.6,2852.8,1938.9,712466.5,749201.3,749207.8,737652.3,564049.8,2318051.0,1867374.8,419376.5,448168.6,448176.8,439457.2,302900.5,1333571.9,1073950.1,154855.2,166352.3,166358.8,163204.5,94937.5,514749.9,397875.5,47167.6,50807.0,50808.4,49776.0,28463.4,157023.5,121244.5,311156.4,340705.5,340702.6,333286.3,80186.5,1150919.6,802260.2,259855.0,285578.0,285567.7,279105.1,56470.9,992543.7,668340.4,297143.3,326556.5,326555.0,319255.7,60989.6,1143332.3,763043.4,35239.2,38796.6,38796.3,37855.6,7251.2,135809.5,90209.7,1807.5,1847.6,1847.7,1835.3,1657.0,2943.1,2846.7,2037758.5,2041980.5,2042010.5,2043661.5,2192465.0,1998716.0,1994988.0,467140.5,140239.0,140242.9,110610.3,39604.3,189344.5,179233.2,1551343.0,197904.2,197901.2,158982.5,67090.3,276975.6,242864.9,663.8,543.9,543.8,458.1,369.8,810.0,680.4,71596.2,58981.4,58982.3,42023.4,5556.6,67012.0,74968.0,3711.2,2758.7,2758.7,2031.2,485.7,3365.3,3639.5,1267.1,1057.8,1057.8,788.6,304.6,1340.6,1458.0,803.5,691.0,691.1,555.9,317.1,839.6,977.6,616543.4,513551.7,513499.9,407009.0,313196.1,758851.1,567326.1,361624.3,303944.8,303886.8,243681.2,177892.1,464517.6,326682.7,133240.9,110653.6,110638.5,85780.5,51278.7,151698.7,116442.6,40699.8,33824.1,33819.8,26245.3,15785.6,46260.8,35528.3,284856.7,236580.8,236582.8,167848.0,15660.6,258065.9,298756.6,244266.4,205495.2,205496.7,145839.0,13405.8,235209.9,267248.0,281127.2,237516.9,237518.8,168947.3,16095.9,277031.4,311225.1,33517.6,28364.9,28365.1,20189.0,1901.5,33476.2,37403.1,641.3,516.8,516.8,464.6,263.3,659.7,595.4,615465.8,606953.6,606939.5,606518.3,560428.1,619608.1,624945.1
01-KO2.OEc2.AZ-D7,,71905,49847,49830,45932,139,3319,8893,100.00%,69.32%,69.30%,63.88%,0.19%,4.62%,12.37%,100.00%,69.32%,99.97%,92.18%,0.28%,6.66%,17.85%,286838.0,332403.2,332422.7,307659.7,198806.4,649876.8,551560.6,451824.1,433472.3,433490.3,394919.0,212364.5,927845.9,804948.6,886.8,997.9,997.7,904.7,529.6,2193.2,1895.8,101847.4,119523.4,119494.1,104758.2,19844.4,312013.6,224337.5,4471.2,5209.6,5208.6,4554.3,779.8,13766.4,9697.0,1674.6,1957.6,1957.3,1709.4,321.6,5197.4,3646.2,1005.9,1166.1,1166.0,1023.3,205.5,3029.7,2167.0,934035.6,1082765.3,1081262.0,989485.9,847067.9,2254013.0,2041839.9,541398.9,624744.3,623723.3,570360.6,468988.0,1306511.4,1195014.6,201836.3,233573.5,233272.0,211006.5,140666.9,520043.5,448267.5,61526.1,71217.7,71129.2,64290.7,42652.6,159214.4,136866.0,412680.5,484545.9,484459.6,424345.1,77251.5,1271069.1,909202.4,343961.2,406373.4,406296.2,354414.7,53995.9,1085652.4,758281.6,391893.8,463920.6,463831.4,404237.0,58237.6,1244215.3,863679.4,46385.3,54927.1,54916.9,47822.7,6716.0,147840.9,102180.2,1901.4,2087.2,2087.0,2025.7,1686.2,2865.1,2766.9,1950840.1,1981397.1,1981765.9,1984434.3,2108853.0,1936410.0,1945807.4,187.20%,44.62%,44.62%,36.82%,23.02%,27.55%,30.86%,409.38%,55.68%,55.67%,47.69%,36.87%,31.74%,33.24%,116.79%,68.02%,67.99%,61.74%,70.69%,42.00%,42.10%,107.09%,60.61%,60.50%,43.80%,30.65%,26.72%,39.75%,116.52%,64.13%,64.07%,48.31%,59.97%,29.35%,43.42%,110.57%,65.18%,65.13%,49.31%,82.98%,30.65%,44.93%,135.33%,68.09%,68.05%,56.08%,144.88%,31.16%,45.88%,98.29%,55.29%,54.09%,45.50%,82.91%,36.21%,30.76%,99.79%,56.76%,55.15%,46.49%,76.89%,37.50%,30.42%,99.37%,54.98%,53.92%,43.24%,68.41%,30.90%,28.52%,99.52%,55.03%,54.05%,43.25%,67.16%,30.69%,28.53%,105.69%,59.84%,59.77%,42.77%,23.20%,24.62%,38.93%,107.34%,62.32%,62.25%,44.71%,25.16%,27.15%,42.16%,107.71%,63.16%,63.09%,45.53%,27.35%,28.15%,43.20%,108.18%,63.67%,63.61%,45.96%,28.96%,28.62%,43.84%,38.22%,23.99%,23.97%,21.43%,20.72%,21.10%,20.53%,32.93%,30.91%,30.89%,30.84%,29.50%,31.71%,32.18%,244091.4,289158.6,289180.4,279620.9,190715.2,633742.4,533237.3,304857.2,359421.2,359445.6,345628.9,198100.6,931866.7,766928.5,690.1,840.7,840.7,803.2,481.0,2105.8,1771.9,80215.9,98538.4,98542.8,94039.2,20205.7,289712.3,207068.4,3438.6,4315.1,4315.1,4097.0,703.8,12836.7,8902.3,1304.2,1625.6,1625.6,1546.9,335.8,4839.3,3341.1,789.8,1000.2,1000.2,948.1,178.6,2865.9,2013.1,744144.5,876591.7,876395.7,824896.8,694840.6,2213926.5,1884587.5,443554.3,517556.8,517524.3,493782.7,396831.8,1279310.1,1095622.1,165862.1,196348.9,196336.1,187428.7,122001.4,507008.2,409564.0,50625.8,59917.2,59904.4,57272.9,37154.2,155063.6,125013.7,328869.2,403007.5,403016.5,384194.4,81546.8,1171135.3,840572.7,270950.6,334966.6,334964.2,319298.6,55817.1,1006739.2,695792.7,307323.2,381429.3,381418.2,362836.4,58842.2,1156257.5,790691.6,36306.9,45087.1,45086.1,42898.1,6851.3,137487.9,93310.4,1833.7,1927.8,1927.7,1902.5,1647.4,2782.8,2691.1,2026513.5,2042975.5,2043080.5,2044616.5,2254627.5,2023440.5,2026155.5,536964.8,148328.5,148321.4,113275.7,45764.2,179031.5,170197.2,1849688.4,241360.0,241310.3,188320.1,78307.4,294519.5,267569.5,1035.7,678.7,678.3,558.6,374.4,921.1,798.1,109064.6,72447.8,72299.3,45885.1,6082.2,83384.9,89178.2,5209.7,3341.1,3336.9,2200.3,467.7,4040.7,4210.6,1851.6,1275.9,1274.7,842.9,266.9,1593.2,1638.3,1361.3,794.0,793.4,573.9,297.8,944.1,994.1,918081.7,598645.9,584818.1,450175.4,702337.4,816093.3,628009.6,540260.7,354598.8,343959.9,265149.5,360604.8,489951.9,363506.3,200560.3,128411.3,125791.3,91240.4,96236.9,160716.4,127852.0,61228.3,39189.5,38444.1,27808.9,28645.8,48863.7,39049.4,436173.1,289972.5,289579.4,181510.5,17921.4,312989.5,353918.5,369192.5,253237.0,252906.0,158474.7,13582.9,294765.7,319655.3,422104.4,293019.6,292642.1,184055.1,15930.3,350224.8,373144.7,50178.2,34973.1,34930.6,21981.2,1944.7,42312.9,44791.4,726.7,500.7,500.3,434.1,349.3,604.6,568.0,642339.1,612454.9,612179.0,611939.7,622011.0,613949.8,626119.4
01-KO2.OEc2.AZ-E7,,72118,54920,54899,49948,194,4226,9873,100.00%,76.15%,76.12%,69.26%,0.27%,5.86%,13.69%,100.00%,76.15%,99.96%,90.98%,0.35%,7.70%,17.98%,335217.2,360393.4,360396.4,327608.0,204440.4,724917.3,613602.9,467514.4,419322.0,419298.7,375871.5,211565.0,901501.9,801452.1,973.5,1001.3,1000.8,892.8,526.4,2199.5,1952.4,112420.9,121588.4,121530.6,104366.6,19063.7,314899.4,231642.5,4892.0,5259.5,5256.7,4494.7,702.7,13843.8,9947.8,1839.8,1982.8,1981.7,1692.4,314.1,5239.8,3740.5,1103.9,1183.3,1182.8,1015.5,243.9,3063.7,2235.4,1035462.6,1102361.9,1099871.3,991211.9,772783.1,2310064.5,2117567.3,591592.4,625554.6,623726.3,563407.1,435801.4,1296565.9,1215358.5,220518.3,234064.0,233522.6,208405.8,132716.1,514649.3,455623.3,67378.1,71533.4,71375.5,63645.9,40484.5,157871.4,139400.3,457905.5,495401.4,495231.8,425364.5,76114.6,1282499.9,941923.2,380542.5,414640.0,414458.9,354135.8,51832.9,1094545.9,783629.7,433348.6,473231.1,473011.4,403647.4,55533.7,1255092.3,892445.9,51270.8,56012.8,55986.3,47730.7,6454.7,149059.9,105549.8,1981.9,2089.7,2089.5,2015.6,1684.1,2906.0,2816.8,1857100.9,1887449.8,1887836.1,1889570.1,2035747.9,1858023.1,1857240.1,164.20%,47.10%,47.10%,37.49%,22.66%,27.31%,31.78%,377.68%,57.69%,57.68%,48.60%,29.63%,32.56%,32.35%,111.60%,69.70%,69.62%,62.54%,63.56%,41.98%,40.10%,100.44%,62.77%,62.45%,44.28%,28.10%,25.71%,40.01%,109.80%,66.82%,66.44%,49.25%,63.99%,28.48%,44.17%,104.36%,67.53%,67.10%,49.69%,90.00%,29.42%,45.43%,106.05%,69.67%,69.38%,55.73%,126.54%,30.29%,44.91%,91.39%,58.25%,55.84%,46.26%,68.67%,35.83%,30.63%,94.11%,61.17%,56.89%,47.69%,63.61%,38.24%,30.49%,93.01%,57.90%,55.30%,43.82%,56.84%,31.35%,28.37%,93.06%,57.72%,55.37%,43.76%,55.95%,31.13%,28.36%,98.91%,61.57%,61.41%,43.07%,25.40%,23.71%,38.91%,100.79%,64.38%,64.11%,45.37%,26.61%,25.91%,42.34%,101.25%,65.37%,65.05%,46.32%,28.39%,26.84%,43.46%,101.73%,65.91%,65.57%,46.79%,29.96%,27.27%,44.06%,36.22%,24.97%,24.96%,21.98%,21.60%,21.35%,20.34%,34.45%,32.56%,32.54%,32.55%,28.24%,32.63%,33.07%,276599.8,309625.7,309635.5,297738.3,194150.9,713244.8,590694.0,308076.3,343673.6,343654.0,327770.9,200086.6,906641.0,762107.1,736.1,828.9,828.9,785.4,520.8,2136.1,1829.8,85886.2,98785.0,98777.6,93473.5,19411.2,293296.8,213870.8,3670.1,4282.5,4282.1,4020.9,708.3,12952.7,9152.2,1395.2,1610.4,1610.3,1520.8,286.5,4931.1,3411.1,856.8,997.6,997.6,934.7,245.0,2901.4,2067.7,787562.0,901210.5,901036.1,831610.3,680548.5,2286908.5,1980239.4,466902.6,515600.4,515543.2,488380.3,389163.6,1273669.6,1122933.0,174416.3,193969.3,193938.1,184094.6,121049.0,503131.5,419562.6,53310.6,59288.2,59285.8,56307.2,37296.5,154221.9,128405.8,354106.4,406044.2,406018.5,384350.8,80347.7,1189182.0,874684.2,291173.8,337091.5,337066.1,318750.9,54056.1,1012495.6,719100.4,330291.8,383909.1,383840.5,362290.8,55993.2,1162989.3,814540.4,38985.9,45390.8,45384.8,42799.9,6417.9,138444.7,96210.2,1850.0,1912.8,1912.7,1883.0,1635.7,2827.9,2754.5,1923010.6,1948923.1,1949279.1,1951391.1,2083007.1,1912189.1,1911703.1,550439.5,169741.5,169738.5,122832.5,46332.4,197948.3,194978.5,1765691.5,241908.7,241858.0,182664.1,62676.7,293534.4,259258.7,1086.4,697.9,696.7,558.4,334.6,923.4,782.9,112910.2,76323.1,75892.6,46214.4,5356.3,80973.8,92682.8,5371.4,3514.6,3492.4,2213.8,449.7,3942.2,4394.3,1920.0,1339.0,1329.8,840.9,282.7,1541.4,1699.4,1170.6,824.4,820.6,566.0,308.7,927.9,1004.0,946291.3,642179.6,614212.1,458564.7,530653.5,827742.6,648638.8,556772.9,382650.6,354842.8,268690.3,277215.7,495747.2,370522.6,205107.9,135521.9,129136.4,91331.9,75441.8,161358.3,129262.4,62700.5,41287.9,39521.6,27852.2,22651.7,49147.2,39527.4,452916.9,305003.2,304102.7,183223.2,19330.2,304089.9,366469.1,383545.4,266952.3,265692.7,160687.0,13791.0,283585.8,331759.2,438786.5,309356.0,307676.8,186969.8,15767.1,336859.6,387847.3,52156.5,36916.9,36710.4,22332.1,1933.5,40650.4,46507.2,717.8,521.9,521.4,443.0,363.7,620.5,572.8,639743.6,614558.8,614293.4,615126.8,574920.8,606289.6,614266.3
01-KO2.OEc2.AZ-F7,,65838,54251,54236,49681,208,3861,9366,100.00%,82.40%,82.38%,75.46%,0.32%,5.86%,14.23%,100.00%,82.40%,99.97%,91.60%,0.38%,7.12%,17.27%,344977.1,349997.2,350020.2,322059.6,210481.3,689092.4,586185.6,497844.7,424838.6,424844.6,384850.8,218685.9,908618.9,807329.6,1026.1,998.0,997.8,899.6,603.5,2184.7,1927.7,119208.6,121216.5,121204.3,105553.0,20236.0,313788.0,228963.3,5252.7,5321.0,5320.4,4620.3,820.4,13928.2,9956.6,1979.7,2008.5,2008.3,1741.6,367.2,5288.8,3759.7,1189.1,1200.8,1200.7,1046.4,284.5,3089.7,2240.0,1057366.9,1072257.0,1070948.1,975568.4,769508.1,2222374.8,2052131.6,604853.6,609814.1,608833.6,555290.6,437246.1,1255193.3,1183273.5,228039.1,229968.2,229688.4,207079.7,133747.1,504335.0,446901.9,69768.0,70356.2,70275.6,63312.1,40754.6,154876.6,136920.9,482181.7,490860.3,490815.8,426976.8,77061.0,1276075.5,928444.9,402499.8,412343.1,412302.4,357104.1,52765.2,1091952.5,774075.1,458951.7,471100.8,471054.2,407592.0,56594.2,1252666.0,881861.1,54292.4,55747.6,55742.0,48187.6,6611.5,148784.9,104283.1,2006.8,2059.3,2059.2,1995.4,1668.2,2821.1,2737.4,1853890.0,1868372.6,1868734.6,1870326.4,1960783.0,1845284.0,1839008.0,151.86%,45.01%,45.01%,36.58%,22.92%,27.13%,31.07%,366.90%,56.52%,56.51%,48.00%,36.15%,33.16%,32.49%,104.14%,68.56%,68.53%,61.46%,65.09%,43.85%,41.65%,92.47%,61.32%,61.29%,43.94%,26.65%,27.38%,40.60%,98.25%,64.80%,64.77%,48.49%,56.46%,29.71%,44.19%,94.46%,65.64%,65.62%,49.07%,67.10%,30.85%,45.54%,95.66%,67.39%,67.37%,54.16%,102.53%,31.21%,45.20%,85.07%,55.72%,54.85%,46.04%,78.01%,36.72%,30.92%,86.61%,57.47%,55.94%,47.41%,73.35%,38.77%,30.43%,86.07%,55.16%,54.26%,43.60%,65.48%,31.49%,28.09%,86.25%,55.15%,54.36%,43.60%,64.36%,31.26%,28.06%,90.74%,60.52%,60.49%,42.90%,21.01%,24.91%,39.34%,92.06%,63.20%,63.18%,45.16%,22.26%,27.50%,42.92%,92.44%,64.12%,64.09%,46.06%,24.13%,28.54%,44.10%,92.83%,64.66%,64.63%,46.52%,24.94%,29.00%,44.72%,33.22%,23.90%,23.88%,21.19%,18.64%,21.27%,20.26%,34.89%,33.07%,33.04%,33.02%,30.32%,33.52%,33.90%,284666.3,303421.1,303453.4,293666.0,197540.7,674694.3,565476.8,331947.6,352219.7,352230.8,337623.6,201896.5,907878.9,768679.2,785.0,832.0,831.9,793.9,585.7,2131.7,1801.9,92083.0,99981.7,99981.3,94933.6,20250.4,292130.3,210491.5,4030.7,4391.6,4391.3,4168.1,794.4,13037.2,9160.6,1521.2,1652.0,1652.1,1565.3,371.2,4950.0,3426.8,940.5,1023.3,1023.3,964.9,277.0,2911.1,2074.3,807703.1,870029.1,869849.1,813685.8,694377.8,2174926.8,1896738.9,479059.8,505237.4,505165.3,482162.7,402952.2,1227967.0,1083189.0,181875.8,193193.5,193178.7,183964.0,125346.5,491016.0,409025.7,55730.7,59147.7,59142.5,56406.0,38073.5,150581.8,125289.2,376012.1,407265.3,407239.6,387024.4,80272.0,1176708.0,858945.9,312132.6,339761.3,339752.7,322151.8,54317.0,1008066.4,710747.6,355452.1,387075.4,387074.8,366588.1,57026.5,1160077.4,807940.3,41943.4,45757.4,45757.6,43307.2,6654.5,137787.9,95395.0,1866.8,1901.5,1901.4,1874.5,1614.4,2747.8,2667.3,1895632.8,1884923.8,1885299.8,1888104.8,1986896.8,1853758.8,1848958.8,523880.1,157531.3,157535.4,117823.1,48233.4,186943.1,182137.0,1826616.6,240102.3,240074.4,184732.8,79056.0,301262.6,262323.8,1068.5,684.3,683.8,552.9,392.8,957.9,802.8,110231.6,74329.8,74288.9,46378.1,5392.6,85911.8,92953.4,5160.8,3447.7,3446.1,2240.4,463.2,4138.3,4399.4,1870.0,1318.5,1317.9,854.6,246.4,1631.8,1712.1,1137.5,809.2,808.9,566.8,291.7,964.2,1012.5,899485.8,597413.5,587431.0,449199.3,600291.5,816114.6,634581.6,523849.7,350446.8,340608.9,263274.4,320722.6,486683.8,360026.3,196265.5,126845.3,124639.3,90283.2,87578.6,158790.1,125546.2,60177.7,38802.8,38204.1,27604.3,26229.1,48419.8,38425.6,437524.4,297050.0,296897.3,183169.0,16187.7,317870.3,365286.1,370544.9,260607.0,260475.4,161254.9,11745.8,300234.2,332226.0,424238.1,302051.4,301903.0,187738.8,13654.5,357543.4,388883.5,50401.3,36044.9,36026.6,22417.7,1648.6,43140.8,46637.3,666.6,492.1,491.7,422.9,311.0,600.0,554.6,646737.7,617851.4,617499.4,617521.5,594468.5,618469.4,623510.6
01-KO2.OEc2-A8,,85412,72034,72018,66639,87,4770,10946,100.00%,84.34%,84.32%,78.02%,0.10%,5.58%,12.82%,100.00%,84.34%,99.98%,92.53%,0.12%,6.62%,15.20%,292181.6,302653.5,302649.3,275602.0,193354.8,659293.9,523215.5,399143.6,367394.9,367392.5,332873.1,208433.8,821873.1,690802.6,780.3,800.5,800.3,721.3,359.8,1843.2,1535.2,114055.6,119384.8,119365.6,103251.9,19815.2,333193.2,239759.9,5116.6,5331.0,5330.2,4594.1,825.2,15088.7,10616.2,1902.5,1988.0,1987.7,1712.1,307.4,5646.3,3952.8,1104.0,1152.8,1152.7,997.3,239.4,3213.8,2278.5,1044632.4,1060493.9,1059863.6,960145.3,980570.6,2371298.5,2086073.4,590168.5,599628.1,599230.8,544429.6,530433.8,1319673.4,1196507.4,218889.2,224114.4,223988.8,201076.8,157134.9,526101.6,453311.1,66412.6,68050.6,68013.3,61016.2,47554.8,160271.7,138157.9,456226.4,477542.9,477464.2,413265.4,76085.8,1329436.5,962893.9,392476.6,412107.2,412044.9,354966.6,58247.7,1169423.6,826639.3,452213.2,475384.8,475318.2,409090.4,64758.8,1353994.0,950638.4,53660.2,56426.3,56418.7,48533.8,7551.7,161026.5,112655.6,1961.1,2012.6,2012.5,1941.2,1783.3,2937.4,2720.4,1832288.4,1867000.0,1867190.6,1869436.1,2054765.5,1834677.9,1835139.6,148.48%,47.21%,47.21%,34.58%,19.56%,29.18%,37.02%,371.91%,54.32%,54.30%,42.47%,25.46%,35.21%,37.19%,97.63%,65.20%,65.13%,55.65%,65.69%,41.84%,43.74%,90.50%,63.87%,63.81%,42.93%,27.83%,28.45%,44.02%,97.62%,67.70%,67.66%,48.25%,51.47%,30.28%,47.76%,93.88%,68.51%,68.46%,48.99%,73.47%,31.33%,48.86%,95.58%,70.52%,70.48%,54.66%,115.13%,31.71%,48.83%,77.68%,54.78%,54.53%,42.55%,69.84%,36.45%,32.93%,79.48%,56.17%,55.88%,44.66%,65.74%,39.40%,32.23%,80.49%,55.97%,55.75%,42.21%,59.25%,33.68%,31.24%,80.87%,56.41%,56.21%,42.64%,58.44%,33.95%,31.36%,88.92%,62.79%,62.72%,41.70%,24.78%,26.90%,42.30%,90.35%,65.34%,65.29%,43.98%,24.47%,28.43%,45.48%,90.65%,66.12%,66.07%,44.88%,24.92%,29.02%,46.49%,90.94%,66.50%,66.46%,45.31%,25.83%,29.27%,46.97%,30.96%,24.65%,24.64%,20.90%,17.66%,21.55%,22.60%,33.66%,31.78%,31.77%,31.70%,23.84%,32.68%,32.86%,243583.1,260050.6,260062.1,252367.1,180330.9,637473.4,492517.1,292948.3,311992.4,312009.6,300856.9,204431.2,799573.9,641020.8,647.8,698.8,698.8,670.5,367.1,1774.4,1425.4,89071.4,96034.7,96034.1,92079.9,20509.2,307061.5,214869.0,3935.6,4266.7,4266.5,4073.6,809.1,14064.5,9503.5,1474.4,1594.8,1594.8,1522.7,289.0,5267.0,3518.9,888.3,967.6,967.6,918.5,256.7,3011.9,2067.3,829037.8,880464.5,880406.6,836438.4,705745.7,2299164.5,1888533.3,485018.3,511227.3,511184.7,490089.6,404543.8,1270324.3,1074281.6,178820.3,190725.4,190712.2,182797.2,123504.7,503703.1,406078.6,54375.5,57941.9,57940.1,55596.5,38388.6,153228.7,123661.1,360919.5,389171.6,389159.6,373035.6,82062.3,1217014.9,872404.4,305817.4,331103.3,331102.7,316843.0,62162.2,1070029.9,742905.1,350887.3,379483.5,379483.5,362940.1,67309.7,1242458.5,851461.1,41540.1,44951.5,44951.8,42990.9,7992.8,147741.1,100739.0,1812.4,1845.3,1845.2,1823.0,1711.0,2854.5,2677.1,1804757.5,1842545.5,1842673.0,1845520.0,2104137.0,1795246.5,1796271.0,433818.7,142895.6,142870.0,95299.1,37812.2,192385.9,193678.9,1484452.0,199561.1,199496.0,141366.9,53070.6,289389.4,256924.6,761.8,521.9,521.2,401.4,236.4,771.1,671.5,103224.2,76253.2,76169.8,44328.7,5515.2,94805.4,105549.9,4994.6,3609.2,3606.5,2216.8,424.8,4569.5,5070.7,1786.0,1362.0,1360.8,838.8,225.9,1768.8,1931.4,1055.2,813.0,812.4,545.1,275.6,1019.0,1112.6,811469.1,580939.3,577980.1,408526.0,684854.6,864264.6,686950.2,469090.8,336799.8,334835.9,243134.8,348707.6,519979.7,385655.8,176193.8,125444.1,124884.5,84878.1,93094.6,177174.0,141602.2,53705.6,38389.5,38227.4,26014.6,27791.2,54417.7,43333.2,405686.8,299837.8,299472.4,172318.4,18852.1,357645.3,407347.2,354600.4,269267.9,269005.2,156121.8,14254.1,332458.6,375954.4,409911.0,314332.4,314061.0,183593.5,16140.2,392919.6,441966.4,48796.7,37523.9,37493.1,21990.5,1950.7,47127.7,52909.1,607.2,496.1,496.0,405.8,315.0,633.0,614.8,616707.1,593337.4,593180.2,592695.7,489768.4,599499.4,603068.4
01-KO2.OEc2-B8,,85888,71669,71657,66927,96,4148,10136,100.00%,83.44%,83.43%,77.92%,0.11%,4.83%,11.80%,100.00%,83.44%,99.98%,93.40%,0.13%,5.79%,14.15%,286358.1,295787.9,295777.0,271255.3,186068.7,665897.9,526544.4,401615.5,358902.7,358905.0,326799.1,203568.3,844000.3,699819.5,772.6,800.9,800.9,726.5,370.0,1929.2,1599.4,106030.8,112282.4,112264.0,98535.6,20107.3,321247.0,230550.4,4738.1,4969.0,4968.0,4346.1,764.3,14432.0,10123.3,1750.6,1847.4,1847.1,1614.4,339.1,5387.0,3754.4,1019.4,1074.9,1074.7,942.8,224.8,3080.1,2174.5,1000262.8,1036288.1,1035866.4,945504.1,890088.5,2400499.3,2109611.0,567350.3,588110.2,587830.2,537950.2,481048.6,1342352.1,1212986.6,208437.8,217270.8,217181.6,196843.3,143000.7,525595.5,452521.8,63011.3,65730.5,65704.0,59530.8,43154.8,159316.9,137298.1,429266.7,454626.9,454561.7,398937.4,77990.8,1302167.0,937568.7,365992.3,388774.1,388707.6,339779.4,59645.1,1134001.3,796916.1,419785.7,446403.5,446325.2,389836.3,66329.7,1306539.5,912047.3,49767.9,52936.2,52926.8,46202.4,7806.4,155322.5,108006.6,1952.3,2014.6,2014.5,1947.5,1763.5,3007.3,2789.6,2023106.4,2048309.6,2048441.8,2050435.4,2242408.3,2010747.9,1992651.4,168.09%,47.83%,47.81%,36.14%,18.07%,27.99%,35.38%,436.81%,55.44%,55.43%,43.81%,30.07%,34.05%,36.37%,100.82%,66.30%,66.28%,57.13%,69.51%,40.13%,41.90%,92.35%,63.59%,63.48%,44.52%,25.57%,27.67%,41.97%,104.02%,67.80%,67.66%,50.16%,58.71%,29.50%,45.55%,96.15%,68.64%,68.50%,50.86%,83.18%,30.64%,46.87%,98.50%,71.72%,71.57%,57.42%,153.74%,31.88%,47.62%,80.06%,55.72%,55.54%,44.19%,78.66%,36.44%,32.12%,80.88%,57.05%,56.82%,46.08%,74.92%,39.43%,31.63%,81.68%,56.59%,56.41%,43.78%,67.75%,33.85%,30.62%,82.03%,56.96%,56.79%,44.18%,66.53%,34.12%,30.71%,90.26%,62.68%,62.59%,43.38%,23.65%,25.95%,40.57%,91.84%,65.22%,65.11%,45.68%,23.97%,27.56%,43.58%,92.25%,66.03%,65.91%,46.60%,24.94%,28.22%,44.55%,92.64%,66.48%,66.36%,47.06%,26.17%,28.55%,45.09%,33.04%,25.63%,25.62%,22.00%,18.27%,22.45%,22.81%,28.06%,26.48%,26.47%,26.42%,22.35%,27.32%,27.60%,235019.4,251909.6,251918.0,245258.7,180871.2,645141.9,495049.2,280741.3,301883.1,301898.1,292258.3,187129.7,823498.1,648202.8,639.9,694.3,694.3,668.3,332.8,1864.3,1489.6,82567.5,89782.3,89779.0,86538.5,20961.6,297420.6,207501.9,3609.6,3955.7,3955.1,3795.7,726.8,13473.0,9141.7,1356.0,1482.1,1482.0,1422.2,365.6,5051.7,3373.4,817.4,901.1,901.0,859.3,227.0,2897.7,1992.4,793691.8,846787.1,846726.9,813732.7,710758.3,2342570.0,1932005.0,467899.6,497451.8,497434.6,480609.2,405840.6,1298562.0,1095399.1,171730.9,184097.7,184095.2,177758.2,124770.0,506360.5,407793.1,52021.8,55808.9,55808.3,53894.8,37673.4,153258.8,123351.0,338835.2,368903.4,368894.3,355045.4,84311.6,1198490.5,851474.3,284279.6,310678.6,310668.5,298459.5,63631.1,1049788.5,717279.8,324220.2,354381.9,354338.5,340775.8,69690.0,1211593.8,816469.4,38363.0,41971.9,41967.5,40342.1,8115.5,144315.8,96529.4,1801.4,1836.5,1836.5,1817.7,1735.6,2898.2,2743.1,2055437.5,2071166.5,2071275.5,2073385.5,2286304.0,1996672.5,1969109.0,481350.4,141466.1,141414.5,98038.4,33617.6,186405.4,186279.2,1754311.8,198980.7,198930.8,143184.5,61214.0,287345.2,254553.4,779.0,531.0,530.8,415.0,257.2,774.2,670.1,97917.2,71403.0,71270.7,43863.7,5142.3,88873.8,96773.2,4928.5,3369.0,3361.4,2180.2,448.7,4257.3,4611.0,1683.2,1268.2,1265.2,821.1,282.0,1650.6,1759.6,1004.1,770.9,769.2,541.3,345.6,981.8,1035.5,800844.1,577432.4,575349.1,417847.7,700170.7,874763.8,677613.8,458849.3,335541.5,334022.9,247901.0,360386.5,529332.6,383615.8,170249.3,122956.5,122510.9,86182.7,96879.3,177888.3,138561.7,51685.4,37441.0,37310.2,26299.1,28712.7,54364.7,42169.0,387441.6,284951.9,284510.8,173062.8,18445.7,337870.6,380399.9,336135.1,253564.8,253072.6,155226.2,14299.0,312579.2,347284.7,387247.1,294761.8,294174.6,181659.2,16544.7,368707.8,406343.8,46104.5,35191.0,35120.1,21741.3,2042.7,44343.2,48696.0,645.0,516.2,516.2,428.5,322.3,675.2,636.4,567586.9,542328.8,542238.0,541826.8,501194.3,549290.4,549994.6
01-KO2.OEc2-C8,,77777,65625,65611,60518,81,4482,10576,100.00%,84.38%,84.36%,77.81%,0.10%,5.76%,13.60%,100.00%,84.38%,99.98%,92.24%,0.12%,6.83%,16.12%,299225.7,299659.3,299660.0,271046.8,185483.4,661566.4,519973.4,430207.5,356007.8,356002.5,320555.7,201187.8,806393.3,669216.2,783.3,800.0,799.8,717.3,431.6,1843.2,1541.8,111947.5,117363.4,117340.8,100357.7,20914.0,334323.7,236540.6,5050.3,5232.0,5231.2,4453.2,864.6,15161.0,10483.0,1859.0,1940.8,1940.5,1650.9,348.5,5633.4,3873.3,1085.0,1129.6,1129.4,966.2,246.1,3211.6,2240.3,1043666.9,1074756.9,1074242.3,966144.5,849862.1,2449723.8,2119542.0,593349.4,611467.3,611090.1,551503.9,485201.3,1370252.9,1222443.0,219395.1,227050.6,226927.7,202212.7,146964.5,542414.6,460061.1,66512.0,68877.1,68840.1,61301.6,44482.8,165085.2,140043.6,454211.7,476001.3,475917.0,407199.3,75471.1,1354285.8,963113.4,390221.3,410399.3,410329.4,349151.8,57249.0,1191686.5,826813.3,448092.5,471875.8,471797.1,401028.1,63498.8,1375282.4,947714.6,53148.1,55983.7,55974.3,47545.1,7374.8,163570.6,112290.8,1994.4,2042.3,2042.2,1963.6,1738.9,3026.4,2794.3,1975577.3,2003844.4,2004022.0,2009580.8,2195461.3,1928054.9,1937406.3,188.02%,49.75%,49.74%,36.69%,21.20%,30.74%,38.79%,467.33%,56.09%,56.08%,43.59%,31.99%,36.16%,38.60%,96.77%,66.30%,66.27%,56.10%,94.94%,43.58%,44.05%,90.32%,66.61%,66.58%,44.46%,47.05%,29.30%,45.51%,100.62%,70.85%,70.83%,50.01%,69.60%,31.58%,49.54%,93.96%,71.50%,71.49%,50.60%,95.03%,32.54%,50.73%,108.62%,73.47%,73.46%,56.52%,134.50%,33.43%,50.82%,78.10%,56.62%,56.46%,43.54%,98.45%,37.08%,33.96%,79.10%,57.98%,57.74%,45.71%,109.23%,39.88%,33.15%,79.97%,57.94%,57.76%,43.37%,104.52%,34.22%,32.37%,80.35%,58.36%,58.18%,43.79%,104.10%,34.39%,32.46%,88.79%,65.73%,65.71%,43.29%,23.00%,28.26%,44.21%,90.74%,68.55%,68.53%,45.74%,25.47%,29.96%,47.57%,91.19%,69.38%,69.36%,46.68%,27.21%,30.55%,48.59%,91.70%,69.85%,69.83%,47.15%,28.94%,30.92%,49.17%,34.11%,26.25%,26.25%,22.31%,16.96%,22.33%,23.13%,29.87%,28.44%,28.43%,28.26%,25.21%,30.50%,30.26%,237215.2,253448.4,253453.6,245307.7,178468.7,637999.4,485234.3,279179.9,297643.3,297645.4,286936.9,193078.1,794308.6,616039.9,643.0,690.9,690.9,660.9,446.2,1786.4,1426.9,85570.3,92738.8,92736.2,88618.0,20254.0,307462.9,209999.6,3775.0,4108.6,4108.4,3897.6,823.1,14067.8,9297.3,1413.0,1538.7,1538.6,1461.2,344.2,5213.5,3417.0,857.0,931.7,931.6,881.4,273.9,3004.0,2014.6,825633.7,888755.9,888685.7,841896.5,670986.9,2378497.8,1904035.3,487380.1,518190.0,518159.4,496260.3,384069.4,1324864.0,1086042.5,179102.6,191758.4,191742.3,183359.5,119342.5,521671.7,408397.7,54364.4,58170.0,58168.4,55676.8,36538.6,158575.2,124289.8,352082.3,381397.3,381386.4,364341.9,79171.0,1232469.8,859703.6,297109.0,323690.9,323679.0,308236.3,57967.1,1083203.5,729109.8,339192.7,369578.3,369558.0,351774.1,63439.4,1258907.0,833118.0,40113.4,43754.6,43750.5,41581.2,7483.2,149786.5,98713.6,1819.5,1852.2,1852.2,1828.1,1693.6,2945.8,2753.7,1925806.5,1943341.5,1943513.5,1951355.5,2255153.5,1847489.5,1876940.5,562597.4,149066.2,149060.0,99448.5,39315.0,203381.7,201681.5,2010482.8,199688.3,199644.5,139728.6,64358.6,291610.0,258293.6,758.0,530.4,530.0,402.4,409.7,803.3,679.2,101111.6,78176.3,78129.6,44621.3,9840.4,97943.1,107643.0,5081.7,3706.7,3705.1,2227.0,601.8,4788.2,5193.1,1746.6,1387.7,1387.2,835.4,331.1,1833.3,1965.0,1178.5,829.9,829.6,546.1,331.0,1073.5,1138.5,815092.7,608510.4,606563.2,420682.7,836646.8,908404.1,719814.7,469314.8,354536.4,352842.0,252091.9,530004.6,546468.1,405269.8,175457.5,131557.2,131069.3,87707.3,153610.7,185637.1,148943.0,53440.8,40196.2,40051.2,26842.2,46304.9,56773.6,45461.1,403277.1,312884.3,312706.5,176283.0,17360.8,382696.6,425835.0,354068.8,281347.9,281212.0,159707.0,14581.6,357043.1,393319.0,408598.9,327374.7,327226.2,187215.7,17275.6,420106.6,460496.5,48738.7,39104.1,39086.6,22419.1,2133.9,50574.7,55216.6,680.3,536.0,536.0,438.2,294.9,675.7,646.4,590149.7,569883.0,569742.8,567908.4,553462.8,588124.5,586332.4
01-KO2.OEc2.AZ-D8,,65708,51610,51585,48235,171,2852,7709,100.00%,78.54%,78.51%,73.41%,0.26%,4.34%,11.73%,100.00%,78.54%,99.95%,93.51%,0.33%,5.53%,14.94%,329825.2,331631.7,331636.8,306006.7,191629.3,740209.1,604444.7,506782.9,410243.3,410230.5,375772.1,200999.8,958064.4,835301.9,961.5,913.3,912.9,832.6,437.2,2191.1,1888.7,104322.7,103900.8,103890.6,91249.6,19186.2,308299.1,217931.5,4517.9,4453.4,4453.0,3902.6,811.7,13343.0,9254.0,1668.0,1656.0,1655.8,1453.3,324.2,4929.8,3414.9,989.5,977.7,977.6,862.1,205.3,2848.0,2011.7,1158897.6,1109891.8,1107337.5,1014456.1,904596.2,2576593.0,2282264.0,642124.6,612315.5,610658.2,560876.3,490180.2,1398321.8,1265658.6,228245.2,219497.0,219032.7,199149.6,144742.4,535691.5,457906.0,69039.7,66470.8,66335.1,60277.9,43519.7,162829.4,138835.1,430156.9,428978.5,428948.3,376111.6,74619.6,1283378.6,903422.1,355284.4,356784.8,356762.9,311846.1,54662.0,1083843.0,746284.6,402594.6,405378.6,405357.5,354187.5,59770.3,1233859.5,845201.8,47468.0,47814.9,47812.6,41761.6,6948.5,145807.1,99577.8,2010.4,2062.8,2062.5,2000.4,1743.8,3047.2,2868.4,1860931.5,1917081.3,1917639.1,1919845.3,2037771.8,1870042.9,1872283.9,166.38%,48.81%,48.81%,39.23%,20.25%,26.59%,31.89%,406.70%,57.89%,57.89%,49.54%,26.21%,29.93%,31.06%,140.86%,66.83%,66.71%,59.17%,67.63%,37.46%,37.54%,122.60%,66.40%,66.39%,48.40%,31.52%,25.70%,40.96%,131.31%,70.20%,70.20%,53.35%,66.11%,28.69%,44.79%,127.43%,70.19%,70.18%,53.57%,81.53%,29.68%,45.44%,135.52%,73.75%,73.74%,61.14%,136.81%,30.58%,45.98%,110.87%,58.21%,56.93%,47.21%,64.58%,34.96%,31.14%,112.80%,59.49%,57.74%,48.37%,60.96%,37.95%,31.46%,113.44%,58.14%,57.05%,45.68%,54.59%,31.21%,29.33%,113.28%,58.17%,57.16%,45.70%,53.84%,30.96%,29.30%,119.73%,66.07%,66.06%,47.47%,26.80%,24.23%,40.41%,119.69%,68.30%,68.30%,49.42%,28.30%,26.30%,43.40%,119.31%,68.96%,68.96%,50.20%,29.89%,27.04%,44.25%,119.49%,69.34%,69.34%,50.59%,30.97%,27.40%,44.72%,35.70%,26.03%,26.01%,23.07%,16.07%,22.20%,21.49%,37.09%,34.57%,34.54%,34.45%,32.08%,36.30%,36.21%,258009.0,281327.1,281328.7,273927.9,186098.4,722829.9,577991.5,310115.8,337823.2,337824.6,326796.2,190334.6,974748.9,793357.7,700.4,771.5,771.4,744.0,391.6,2193.5,1791.1,73529.3,81870.6,81866.0,78789.0,19248.0,288454.4,200408.8,3144.9,3533.6,3533.5,3378.0,793.2,12528.5,8486.1,1191.2,1326.7,1326.6,1273.8,318.2,4619.0,3119.4,727.9,817.8,817.8,780.4,192.5,2702.1,1872.8,853423.0,942248.5,941783.1,887238.9,691263.3,2513652.0,2145285.5,476494.9,511743.3,511683.5,489418.7,396828.6,1370339.3,1170352.1,168174.5,182523.3,182497.6,175388.2,122534.6,521691.1,419377.6,50872.6,55268.8,55250.1,53144.1,36796.9,158117.5,127072.4,307006.4,340829.9,340796.8,328365.4,80325.5,1191771.3,833904.3,251494.0,280726.5,280718.4,270032.0,56457.9,1003484.7,682565.6,284246.4,318336.9,318315.9,305155.5,60248.2,1143797.3,770252.3,33440.3,37484.4,37482.9,35973.9,7001.2,134971.4,90818.0,1826.5,1867.9,1867.7,1847.8,1700.5,2950.5,2784.2,1854645.5,1914162.0,1915125.5,1920407.5,2083516.5,1852852.5,1857473.5,548758.4,161859.7,161864.1,120031.1,38798.9,196792.4,192733.6,2061066.9,237506.3,237469.3,186152.3,52684.0,286734.3,259453.2,1354.4,610.4,609.0,492.7,295.7,820.7,709.1,127902.0,68985.6,68974.7,44161.4,6047.7,79228.9,89254.5,5932.5,3126.4,3125.9,2082.0,536.7,3827.6,4144.9,2125.5,1162.3,1162.1,778.6,264.3,1463.0,1551.7,1340.9,721.0,720.9,527.0,280.9,870.8,925.0,1284862.6,646053.1,630449.3,478907.0,584167.2,900806.8,710669.1,724289.9,364268.8,352583.3,271300.4,298800.1,530608.4,398218.6,258927.6,127613.0,124954.0,90971.2,79013.4,167205.4,134325.8,78208.7,38665.5,37914.2,27549.9,23432.5,50404.6,40680.4,515037.1,283424.4,283378.5,178540.8,20001.7,310946.8,365047.7,425226.3,243685.4,243659.7,154105.3,15467.0,285061.5,323850.8,480325.5,279556.3,279534.4,177788.0,17862.5,333602.7,374037.3,56721.4,33156.0,33153.4,21126.9,2152.2,39956.7,44528.0,717.7,537.0,536.4,461.5,280.3,676.4,616.5,690248.1,662744.3,662328.3,661434.8,653748.0,678805.0,677999.1
01-KO2.OEc2.AZ-E8,,57356,45263,45242,42422,114,2409,6255,100.00%,78.92%,78.88%,73.96%,0.20%,4.20%,10.91%,100.00%,78.92%,99.95%,93.77%,0.25%,5.32%,13.83%,328550.3,319337.1,319327.0,295604.3,192105.4,709349.1,584309.9,513717.5,394300.7,394293.6,360180.3,196300.1,953182.9,820152.1,952.4,906.8,906.3,825.4,419.9,2235.9,1905.4,104118.3,104143.5,104107.8,91824.1,18727.5,308913.5,222014.8,4617.8,4536.5,4535.2,3995.9,740.1,13521.6,9577.7,1690.6,1680.8,1680.2,1480.6,290.3,5007.8,3530.8,996.0,986.0,985.7,872.7,180.8,2870.1,2059.0,1127965.1,1087862.8,1085341.8,994980.3,1003306.1,2560273.5,2280038.3,629776.7,605274.2,603611.9,554030.9,546086.6,1412600.6,1277412.6,225351.8,218235.7,217750.3,198021.2,161022.4,541581.9,464257.2,68110.5,66038.1,65896.1,59902.5,48544.7,164256.2,140538.2,429959.4,430483.5,430354.0,378821.2,73805.7,1289921.9,921157.5,357715.8,360863.9,360753.4,316829.8,54468.2,1093903.0,766418.5,405529.9,410259.4,410136.7,360115.4,59459.5,1245174.1,868618.9,47815.4,48400.2,48385.9,42465.8,6936.2,147212.3,102372.4,1977.8,2019.1,2018.6,1960.8,1742.8,2961.2,2802.7,1909754.4,1960325.5,1960818.9,1960067.1,2091013.4,1967246.6,1931843.4,221.27%,46.83%,46.82%,37.13%,22.42%,25.84%,31.00%,463.95%,57.50%,57.48%,47.48%,27.22%,30.56%,31.85%,133.42%,66.22%,66.08%,57.63%,67.28%,37.00%,37.59%,118.89%,65.24%,65.15%,46.97%,28.38%,26.44%,40.54%,135.01%,68.73%,68.66%,51.93%,60.37%,29.20%,43.85%,121.10%,69.27%,69.19%,52.36%,80.14%,30.71%,45.28%,123.61%,72.59%,72.53%,59.60%,133.64%,31.84%,45.75%,109.65%,58.46%,56.83%,46.54%,74.51%,36.09%,32.48%,111.27%,60.00%,57.69%,47.48%,70.37%,38.69%,32.70%,111.34%,58.35%,56.83%,44.65%,63.88%,32.15%,30.39%,111.05%,58.27%,56.86%,44.62%,63.13%,31.92%,30.32%,117.21%,64.83%,64.74%,45.91%,24.86%,24.47%,39.96%,116.80%,66.92%,66.84%,47.86%,25.42%,26.87%,42.81%,116.39%,67.61%,67.53%,48.69%,27.17%,27.82%,43.72%,116.65%,68.05%,67.97%,49.11%,28.76%,28.32%,44.27%,38.17%,24.52%,24.48%,21.37%,16.59%,22.40%,21.50%,32.67%,30.82%,30.79%,30.75%,27.50%,31.58%,32.38%,253237.5,274777.2,274779.3,268029.9,178087.3,692467.4,563371.5,301655.4,327394.2,327397.2,317425.7,183690.3,963125.4,776845.8,704.1,771.2,771.2,744.8,375.3,2216.0,1798.3,74975.7,82998.0,82977.8,80139.8,18712.5,289798.2,204717.0,3253.8,3627.3,3627.2,3483.6,665.0,12685.3,8760.0,1226.2,1356.2,1356.1,1307.1,328.4,4723.8,3214.3,744.2,832.8,832.7,796.4,161.8,2733.0,1917.8,821527.8,900761.1,900299.9,850267.3,723153.3,2505837.0,2116886.0,468657.9,501965.3,501833.9,481625.3,422285.7,1380212.0,1172478.8,167574.3,181166.6,181117.8,174545.9,131309.7,525635.7,424185.3,50730.3,54828.6,54819.9,52932.5,40028.3,159456.4,128141.0,312796.4,345342.4,345333.3,333708.6,76740.0,1194103.4,851041.1,258695.0,286550.7,286547.7,276611.8,53887.5,1010718.4,703993.8,292612.8,325190.7,325164.4,312990.8,57922.9,1151557.9,794288.0,34473.4,38273.5,38272.8,36856.9,6739.4,136233.1,93491.7,1819.6,1855.1,1854.9,1838.2,1684.5,2839.3,2709.6,1886090.9,1924523.4,1924844.9,1923286.4,2058789.4,1950492.4,1920936.4,726986.6,149550.1,149507.0,109765.9,43067.8,183264.8,181157.9,2383408.8,226707.1,226630.2,171013.7,53429.1,291258.5,261198.8,1270.7,600.5,599.0,475.6,282.5,827.3,716.3,123782.9,67944.7,67822.8,43134.0,5315.4,81662.2,90009.1,6234.7,3117.9,3113.8,2075.0,446.8,3949.0,4199.8,2047.3,1164.3,1162.5,775.2,232.6,1537.9,1598.7,1231.1,715.8,715.0,520.2,241.6,913.9,942.1,1236801.4,635924.1,616822.5,463023.5,747529.2,923935.1,740551.6,700722.2,363167.1,348246.7,263070.3,384277.9,546494.4,417764.7,250897.4,127335.1,123751.2,88418.7,102853.6,174118.5,141069.5,75639.3,38478.6,37469.2,26730.5,30647.3,52428.6,42614.3,503936.2,279087.8,278624.9,173913.2,18345.9,315663.8,368066.9,417818.3,241496.7,241117.7,151634.9,13844.7,293880.8,328126.1,472008.5,277387.1,276981.8,175342.1,16154.8,346423.6,379775.8,55776.3,32935.3,32888.4,20853.4,1994.8,41684.7,45324.7,755.0,495.0,494.1,419.0,289.1,663.3,602.6,623844.4,604162.2,603756.9,602742.1,575059.6,621247.8,625577.3
01-KO2.OEc2.AZ-F8,,59936,45887,45858,42209,73,3196,7568,100.00%,76.56%,76.51%,70.42%,0.12%,5.33%,12.63%,100.00%,76.56%,99.94%,92.04%,0.16%,6.97%,16.50%,315655.2,319700.8,319692.3,289199.7,197914.4,695699.9,573088.9,498170.2,400078.4,400018.4,358087.9,216085.6,915445.3,796137.3,939.4,916.7,916.0,815.2,540.9,2157.8,1850.0,110675.8,113292.1,113233.0,96721.1,20538.7,319156.2,232164.4,4933.8,4981.5,4978.8,4244.8,840.6,14135.7,10135.8,1803.8,1838.4,1837.4,1566.5,383.7,5212.0,3726.3,1060.4,1073.8,1073.2,920.1,267.3,2978.3,2172.0,1151005.4,1136008.0,1132366.3,1015218.9,921947.3,2575572.5,2276399.0,647995.9,637490.7,635129.9,570831.1,501680.2,1428080.3,1283373.6,234420.7,232555.9,231864.7,206032.5,149366.8,551576.1,472284.1,70991.7,70510.8,70307.9,62446.2,45131.7,167609.7,143311.5,455767.6,467448.3,467226.6,399001.0,77453.1,1319275.0,959172.8,382929.0,395438.6,395256.7,336073.3,58129.0,1134500.3,808109.6,435094.2,450494.2,450296.2,382531.6,64028.8,1296588.0,918808.8,51358.7,53210.1,53186.9,45150.4,7484.3,153565.0,108455.7,1982.4,2055.0,2054.4,1977.9,1721.2,2982.4,2823.0,1889889.4,1931821.5,1932479.5,1938042.1,2033444.4,1860231.8,1866824.3,187.68%,49.22%,49.21%,37.40%,22.95%,27.75%,33.20%,443.77%,58.36%,58.34%,47.43%,53.13%,32.24%,33.34%,140.52%,68.17%,67.98%,57.15%,193.70%,42.92%,41.63%,122.98%,66.68%,66.42%,45.76%,49.07%,26.82%,41.61%,135.60%,69.97%,69.73%,50.75%,55.70%,28.87%,44.57%,124.13%,70.49%,70.25%,51.33%,81.98%,30.02%,45.66%,158.20%,73.23%,72.99%,58.28%,140.95%,31.26%,45.65%,111.85%,59.28%,57.70%,45.53%,53.10%,36.29%,33.39%,112.79%,60.51%,58.35%,46.39%,49.15%,38.97%,33.52%,113.12%,58.97%,57.52%,43.36%,43.44%,32.56%,31.35%,112.96%,58.93%,57.58%,43.37%,42.55%,32.35%,31.30%,120.25%,65.81%,65.53%,44.39%,22.44%,25.34%,40.70%,120.30%,68.21%,67.96%,46.63%,23.61%,27.03%,43.54%,120.11%,69.01%,68.78%,47.62%,25.15%,27.73%,44.43%,120.40%,69.51%,69.28%,48.11%,26.32%,28.15%,44.99%,36.63%,25.44%,25.41%,21.68%,13.88%,21.99%,21.74%,34.74%,32.76%,32.73%,32.51%,29.70%,35.34%,34.69%,244464.4,270956.5,270961.6,262036.4,188945.1,671276.5,545560.5,297235.0,329459.9,329461.4,315837.0,187453.5,916505.6,751004.5,689.0,773.8,773.7,738.7,437.7,2106.6,1734.0,78828.1,89251.0,89251.0,85058.9,20266.3,297672.9,212079.0,3448.1,3943.3,3943.3,3730.7,850.2,13252.3,9203.7,1285.6,1463.7,1463.6,1388.5,347.4,4908.3,3377.0,779.2,895.9,895.8,843.2,172.1,2812.9,2003.9,837846.5,954129.5,953418.4,881747.2,781732.5,2506060.0,2107113.0,481828.8,529893.4,529723.0,499443.7,455504.3,1383754.5,1169105.8,173765.6,192580.7,192474.2,182973.6,144882.9,532740.9,428420.8,52629.3,58371.3,58352.1,55546.9,43908.6,161786.5,129793.3,329871.3,372325.7,372322.9,355568.8,82167.0,1216947.9,878249.1,274311.7,311793.4,311792.9,296675.6,58440.9,1048658.8,734049.6,310224.6,353159.8,353155.1,335970.6,63831.4,1200838.6,833395.0,36542.9,41640.9,41640.5,39585.8,7535.1,142087.3,98282.0,1824.3,1876.5,1876.3,1850.7,1716.7,2878.8,2738.2,1959537.4,1997409.4,1997741.9,2000579.4,2011583.4,1941701.4,1940553.9,592435.3,157366.7,157312.0,108147.8,45413.1,193088.9,190246.9,2210729.3,233498.3,233378.6,169840.0,114803.3,295126.8,265393.3,1320.0,624.9,622.7,465.9,1047.7,926.2,770.2,136104.3,75540.3,75208.7,44257.5,10077.5,85601.4,96612.2,6690.1,3485.5,3471.7,2154.4,468.2,4081.3,4517.1,2239.1,1295.8,1290.7,804.1,314.6,1564.8,1701.6,1677.5,786.3,783.3,536.2,376.7,930.9,991.6,1287365.1,673418.7,653411.4,462191.4,489568.8,934670.5,760121.9,730904.5,385720.0,370592.0,264788.2,246554.6,556452.8,430194.6,265179.1,137142.0,133370.0,89345.5,64878.3,179594.0,148062.1,80194.5,41554.5,40480.2,27085.3,19205.8,54218.5,44850.1,548049.4,307611.5,306175.8,177099.8,17377.8,334264.1,390381.5,460669.2,269727.8,268605.9,156725.8,13724.6,306681.7,351811.5,522581.2,310878.7,309702.7,182145.3,16100.4,359486.3,408268.4,61833.3,36985.2,36846.7,21724.0,1969.5,43229.0,48797.0,726.2,522.9,522.1,428.9,238.9,655.7,613.9,656549.8,632867.9,632445.9,630146.8,604031.0,657444.1,647691.3
01-KO3.OEc2-A9,,128353,107474,107430,104380,401,2313,7146,100.00%,83.73%,83.70%,81.32%,0.31%,1.80%,5.57%,100.00%,83.73%,99.96%,97.16%,0.37%,2.15%,6.65%,285342.5,307026.8,307045.7,298152.0,196341.2,684797.1,572754.7,353743.6,325779.6,325809.9,315050.4,202660.2,782241.5,736923.3,622.8,672.4,672.3,648.9,450.0,1665.6,1567.4,83388.4,91689.1,91664.1,86764.3,21304.2,304302.3,201283.4,3709.7,4027.2,4026.1,3798.9,806.4,13870.7,8713.9,1376.0,1507.3,1507.0,1421.0,311.0,5234.1,3265.6,819.4,892.4,892.2,843.3,223.9,3005.9,1942.7,814839.9,860139.6,859247.6,830371.9,559440.4,2086374.8,2007364.1,449879.5,471704.0,471066.3,455839.2,305746.9,1119742.8,1139455.6,166202.1,176377.5,176185.1,169563.6,94242.7,460538.0,423329.9,50786.0,53990.8,53934.7,51891.3,28380.3,141749.8,129828.3,338219.2,371835.3,371741.5,351937.8,81579.5,1231051.3,825245.8,286657.0,315944.0,315857.1,298218.3,60400.1,1081313.4,689128.9,328898.3,362785.0,362684.0,342220.9,67024.5,1250800.6,785517.8,38982.7,43007.0,42995.0,40552.2,7831.0,148982.7,92893.6,1808.0,1872.2,1872.0,1850.6,1622.2,2767.6,2726.3,1918659.5,1966717.0,1967057.1,1966536.8,2053097.4,1973042.3,1965873.6,154.22%,39.73%,39.72%,34.93%,21.93%,27.99%,31.56%,468.60%,51.33%,51.31%,46.11%,27.49%,40.40%,32.31%,100.71%,66.49%,66.42%,62.34%,62.71%,49.19%,40.11%,80.04%,58.48%,58.40%,47.47%,24.43%,26.28%,43.10%,104.24%,65.46%,65.40%,55.11%,55.55%,29.10%,49.68%,89.53%,66.59%,66.53%,56.06%,74.73%,30.80%,51.28%,165.90%,70.49%,70.44%,62.32%,119.39%,31.04%,50.24%,69.35%,51.33%,50.48%,44.95%,67.75%,39.89%,28.40%,73.80%,55.25%,54.00%,48.97%,68.56%,45.32%,28.54%,71.48%,52.23%,51.38%,44.89%,62.37%,35.47%,26.19%,71.51%,52.43%,51.65%,45.12%,63.00%,35.30%,26.15%,77.94%,57.26%,57.19%,46.20%,19.36%,23.79%,40.57%,81.13%,61.08%,61.00%,49.77%,25.62%,26.13%,45.59%,81.97%,62.29%,62.22%,50.98%,28.86%,27.21%,47.30%,82.57%,62.91%,62.84%,51.55%,29.83%,27.76%,48.11%,29.54%,21.71%,21.70%,20.14%,12.81%,23.16%,21.84%,33.04%,30.61%,30.59%,30.58%,27.91%,31.52%,31.33%,261458.8,278586.4,278618.2,276561.2,189728.4,667821.6,557180.1,265035.7,283955.8,283977.9,281368.9,191861.9,748480.7,696654.8,549.2,603.4,603.4,595.2,439.3,1545.4,1468.8,70482.6,77091.0,77081.5,76105.2,21892.6,284233.7,182107.8,3008.2,3337.8,3337.4,3285.4,788.8,13166.4,7819.4,1143.0,1262.6,1262.5,1243.9,311.2,4908.3,2896.1,703.5,782.2,782.2,769.0,204.1,2845.8,1781.1,698368.2,722722.4,722720.4,717107.9,518325.4,1992411.8,1869937.0,394133.7,411224.9,411223.1,406840.6,272745.9,1036163.2,1043579.4,145604.3,152951.9,152949.6,151439.2,84544.6,435490.3,388058.4,44641.0,46977.6,46977.0,46519.6,25165.8,134361.1,119069.5,290244.4,316047.1,316024.6,312338.5,86991.8,1142824.6,758621.9,239498.9,263184.8,263156.0,259454.8,63380.1,1006751.9,621916.4,272182.6,300139.2,300115.6,295803.3,69851.9,1166679.5,704306.3,32141.5,35468.1,35465.4,34979.8,8120.3,139077.0,83142.5,1726.9,1752.4,1752.4,1747.4,1627.0,2665.2,2652.1,1978567.8,2011988.3,2012183.3,2011395.3,2120413.8,2029881.8,2025041.8,440047.0,121967.6,121973.9,104154.6,43051.7,191673.5,180745.1,1657643.3,167207.7,167158.5,145271.5,55720.5,316055.8,238125.8,627.2,447.1,446.6,404.5,282.2,819.3,628.6,66744.6,53623.1,53535.1,41185.9,5205.6,79968.2,86752.6,3866.9,2636.2,2633.1,2093.6,448.0,4036.2,4329.0,1232.0,1003.7,1002.6,796.6,232.4,1612.1,1674.6,1359.4,629.0,628.5,525.5,267.3,933.0,976.1,565108.4,441526.7,433773.2,373255.1,379046.9,832230.9,570016.6,331998.8,260635.1,254380.7,223225.2,209628.0,507472.5,325177.9,118804.5,92122.3,90520.2,76115.3,58775.0,163339.4,110849.6,36318.0,28305.1,27858.8,23411.4,17878.8,50043.6,33953.7,263622.7,212919.2,212580.5,162595.8,15795.5,292841.8,334812.2,232561.9,192964.1,192687.0,148430.4,15475.4,282569.7,314174.3,269585.8,225979.3,225671.1,174479.4,19345.3,340398.8,371522.5,32188.1,27053.8,27017.5,20903.1,2335.9,41356.5,44688.5,534.0,406.5,406.1,372.7,207.8,641.0,595.5,633869.3,602024.2,601691.4,601276.3,572982.7,621952.7,615948.7
01-KO3.OEc2-B9,,139185,117062,117044,114381,365,1944,7045,100.00%,84.11%,84.09%,82.18%,0.26%,1.40%,5.06%,100.00%,84.11%,99.98%,97.72%,0.31%,1.66%,6.02%,270465.1,294714.4,294720.3,287776.7,195668.2,670024.4,553882.7,337007.1,323807.5,323818.3,315163.4,211817.1,790646.1,741003.3,605.0,650.1,650.1,631.6,428.1,1645.6,1544.6,82135.5,89934.3,89923.8,86054.8,20814.5,303583.0,195505.5,3623.3,3938.5,3938.1,3759.4,721.3,13812.4,8404.5,1345.6,1469.5,1469.4,1401.7,296.8,5204.4,3145.8,793.5,865.6,865.5,826.9,197.4,2993.6,1867.1,818241.0,851109.2,850763.9,827921.1,608651.7,2076380.4,1985279.0,454865.6,468643.1,468402.8,456294.9,337851.3,1117716.3,1134263.3,167146.0,174811.9,174739.2,169494.8,104133.1,459027.9,419658.1,50966.3,53411.6,53390.3,51776.0,31459.5,140936.0,128404.6,330148.1,361360.9,361323.7,345788.5,80232.1,1219842.0,796382.7,281109.2,308512.8,308479.5,294589.4,57592.7,1076771.6,665039.7,323025.9,354827.6,354788.6,338652.8,63261.3,1247479.1,758064.4,38286.1,42064.5,42059.9,40133.5,7362.9,148652.8,89615.9,1785.4,1840.6,1840.6,1823.7,1628.7,2729.3,2682.1,1873828.3,1949687.6,1949776.1,1949378.9,2091086.9,1942664.0,1946585.0,118.54%,38.21%,38.21%,33.96%,19.18%,28.87%,31.70%,403.44%,49.74%,49.72%,45.21%,29.59%,40.91%,31.91%,100.57%,65.95%,65.92%,62.42%,68.81%,50.47%,40.93%,76.31%,56.05%,56.01%,46.84%,23.59%,24.74%,41.70%,92.89%,63.37%,63.36%,54.79%,67.09%,27.82%,48.52%,91.31%,64.54%,64.53%,55.79%,88.28%,29.40%,50.11%,99.80%,69.24%,69.22%,62.30%,142.53%,30.30%,49.97%,64.07%,48.26%,47.65%,42.84%,48.79%,40.64%,27.61%,68.12%,52.17%,51.29%,47.01%,49.21%,45.35%,27.33%,66.35%,49.21%,48.60%,43.11%,45.50%,34.92%,24.98%,66.47%,49.40%,48.83%,43.32%,46.07%,34.73%,24.95%,74.18%,54.76%,54.73%,45.40%,19.54%,22.35%,39.24%,77.20%,58.64%,58.61%,49.13%,24.75%,24.76%,44.34%,78.13%,59.89%,59.87%,50.41%,27.96%,25.87%,46.10%,78.68%,60.54%,60.52%,51.02%,29.03%,26.42%,46.92%,25.90%,20.58%,20.58%,19.18%,13.95%,24.08%,22.27%,34.53%,31.01%,31.00%,31.01%,26.30%,31.26%,31.15%,253991.1,270223.3,270234.6,268720.3,188092.3,649269.1,538567.6,267358.7,285065.3,285081.8,282981.6,201667.3,759441.6,702210.9,537.4,588.3,588.4,582.4,413.4,1542.1,1445.6,70081.7,76227.2,76221.0,75474.8,20961.9,283446.3,177800.1,2981.2,3298.0,3297.8,3259.5,729.7,13120.8,7536.8,1127.7,1243.9,1243.9,1228.9,299.5,4917.9,2810.5,691.6,765.5,765.5,755.7,201.2,2864.6,1710.0,698796.0,716490.1,716507.4,712071.6,587679.2,1974242.0,1854455.3,397177.2,408512.0,408513.7,405207.2,323249.3,1046092.0,1049265.3,145778.3,151560.7,151561.8,150366.3,99067.7,435346.9,385481.6,44579.0,46411.1,46412.3,46053.9,29971.7,133515.6,117808.4,286231.7,310464.1,310435.2,307471.0,84770.4,1135923.5,731591.5,237138.4,259457.8,259444.3,256689.5,58522.1,1005851.6,598656.2,270035.3,296057.8,296034.7,292811.0,62497.4,1170399.5,675976.3,31886.0,34987.1,34985.0,34617.6,7225.1,139511.8,79702.3,1716.1,1738.8,1738.8,1735.0,1607.1,2633.7,2600.5,1882874.8,1968062.8,1968293.8,1967458.8,2160218.8,1963745.8,2037756.8,320600.1,112621.3,112627.4,97738.5,37534.6,193419.9,175592.9,1359634.8,161049.0,161016.0,142492.4,62676.1,323465.5,236485.2,608.5,428.8,428.5,394.2,294.6,830.5,632.1,62676.2,50407.2,50369.2,40309.9,4909.6,75118.3,81530.1,3365.8,2495.8,2495.0,2059.7,483.9,3842.6,4078.2,1228.6,948.5,948.2,782.0,262.1,1530.1,1576.3,791.9,599.3,599.1,515.1,281.3,907.2,933.0,524223.3,410749.9,405420.1,354694.3,296935.0,843918.3,548140.1,309839.9,244508.0,240243.0,214484.3,166241.7,506881.2,310030.5,110905.1,86029.5,84918.0,73074.2,47378.3,160315.0,104833.2,33875.0,26386.2,26070.9,22427.5,14494.8,48950.0,32040.1,244903.6,197894.3,197765.1,156978.1,15680.4,272657.2,312474.6,217017.1,180904.7,180813.7,144730.2,14254.4,266647.0,294906.9,252393.7,212522.5,212423.5,170712.4,17689.5,322696.6,349435.2,30124.7,25466.4,25455.0,20476.7,2137.7,39266.8,42044.0,462.5,378.9,378.8,349.8,227.2,657.2,597.4,647026.1,604557.1,604489.0,604538.8,550010.9,607267.1,606407.8
01-KO3.OEc2-C9,,145523,127822,127794,124005,382,2889,9040,100.00%,87.84%,87.82%,85.21%,0.26%,1.99%,6.21%,100.00%,87.84%,99.98%,97.04%,0.30%,2.26%,7.07%,287134.1,303369.5,303380.9,293846.8,195008.8,677169.4,564605.1,346751.0,333195.2,333217.0,321772.1,212179.6,786147.1,737613.9,644.3,672.7,672.7,647.6,438.7,1664.5,1548.9,88714.6,94201.7,94187.1,88719.5,21079.0,312769.1,204482.0,3903.3,4127.2,4126.5,3871.9,772.6,14286.4,8857.0,1449.4,1537.2,1537.0,1440.7,304.5,5384.1,3316.5,853.8,904.2,904.0,849.0,203.3,3094.6,1960.5,848197.6,876844.6,876522.5,845559.1,606836.4,2094195.3,1992855.5,469918.9,484104.3,483895.5,467657.4,334118.6,1124574.9,1135129.0,174940.6,181597.5,181531.8,174367.4,102961.3,465814.9,424564.7,53526.3,55622.2,55602.6,53388.3,31163.0,143480.0,130316.8,355999.3,377884.8,377825.4,356172.5,80682.3,1243033.5,827456.5,304021.2,323589.5,323533.4,303987.3,58697.8,1104079.8,697197.8,349584.0,372404.7,372339.3,349566.8,64709.1,1281633.8,796786.4,41457.4,44172.5,44164.6,41444.6,7547.4,152760.1,94274.3,1820.6,1867.0,1867.0,1844.3,1624.0,2739.7,2701.7,1886373.1,1914351.4,1914543.0,1914665.0,2034749.1,1897173.1,1907269.1,115.48%,39.66%,39.65%,34.48%,20.11%,28.04%,31.39%,349.14%,49.99%,49.98%,44.65%,26.46%,39.88%,31.33%,95.89%,65.44%,65.42%,60.85%,58.32%,50.92%,40.06%,76.63%,58.97%,58.86%,47.24%,23.78%,26.79%,43.85%,90.25%,66.37%,66.27%,55.29%,57.73%,29.67%,50.61%,85.83%,67.86%,67.77%,56.53%,83.05%,31.61%,52.52%,90.57%,71.50%,71.41%,62.40%,137.82%,31.69%,51.27%,67.44%,49.18%,48.97%,43.07%,54.74%,40.36%,28.43%,71.11%,52.56%,52.30%,47.10%,55.07%,45.36%,28.37%,69.41%,50.25%,50.03%,43.35%,50.77%,35.04%,26.13%,69.46%,50.54%,50.33%,43.61%,51.22%,34.81%,26.11%,74.51%,57.24%,57.13%,45.61%,19.00%,23.84%,40.86%,77.25%,61.44%,61.32%,49.49%,24.42%,26.48%,46.12%,78.14%,62.80%,62.68%,50.82%,27.73%,27.65%,47.90%,78.61%,63.44%,63.32%,51.41%,29.00%,28.15%,48.67%,26.57%,21.45%,21.45%,19.82%,13.93%,22.87%,21.91%,32.88%,31.42%,31.41%,31.41%,27.83%,31.96%,31.57%,262773.8,274758.4,274770.6,272522.7,186762.9,660511.3,550854.5,278919.1,292180.9,292196.6,289050.5,201994.0,763593.7,701009.8,568.5,606.1,606.1,597.3,422.0,1552.3,1458.7,74048.5,78749.8,78747.0,77621.7,21552.4,291641.0,183752.0,3151.1,3399.5,3399.4,3338.2,764.5,13452.6,7854.0,1188.0,1275.0,1274.9,1253.8,296.4,5051.6,2909.6,729.0,786.7,786.6,771.7,201.3,2908.9,1778.5,714910.9,734909.4,734909.4,727866.9,556293.9,1988599.1,1852670.3,408287.1,421579.5,421586.6,416800.9,298878.2,1044688.1,1043565.3,151487.6,157220.4,157220.4,155408.9,92494.4,439460.5,387922.1,46463.6,48317.1,48317.1,47766.4,27792.7,135642.8,119171.5,302015.6,321116.2,321112.3,316707.4,83699.8,1147082.8,755128.9,251278.0,268636.7,268626.7,264436.3,60336.4,1025244.0,623026.8,286138.9,306338.7,306312.9,301329.0,65683.2,1190383.8,705902.4,33805.4,36237.8,36236.1,35641.6,7740.0,141932.6,83375.8,1732.9,1752.2,1752.2,1746.6,1616.6,2663.0,2628.8,1893913.5,1918021.5,1918141.0,1918335.5,2113225.5,1898617.5,1909046.0,331587.5,120303.4,120305.0,101332.8,39215.7,189903.5,177231.6,1210644.4,166558.3,166526.1,143659.6,56149.5,313489.8,231073.0,617.8,440.2,440.1,394.1,255.9,847.5,620.5,67981.3,55547.9,55442.4,41908.7,5013.3,83777.0,89659.9,3522.7,2739.2,2734.8,2140.8,446.1,4239.2,4482.6,1244.0,1043.2,1041.5,814.4,252.9,1702.0,1741.8,773.2,646.4,645.5,529.8,280.2,980.6,1005.1,572064.7,431237.8,429195.8,364183.6,332203.8,845117.3,566651.6,334173.1,254430.3,253056.0,220283.5,184001.8,510112.9,322034.4,121422.7,91250.2,90826.8,75586.5,52273.1,163226.8,110952.1,37181.5,28109.2,27985.1,23280.5,15962.9,49943.3,34021.3,265257.5,216316.5,215837.6,162452.0,15329.1,296299.9,338080.2,234867.1,198808.4,198394.8,150428.3,14332.1,292333.8,321548.6,273160.2,233859.5,233394.8,177655.3,17945.8,354404.4,381659.3,32590.4,28021.1,27964.7,21306.7,2188.7,42999.9,45880.5,483.8,400.5,400.4,365.6,226.3,626.6,592.0,620233.3,601555.4,601424.9,601306.9,566357.5,606249.5,602203.3
01-KO3.OEc2.AZ-D9,,72640,64602,64586,61753,472,2075,6725,100.00%,88.93%,88.91%,85.01%,0.65%,2.86%,9.26%,100.00%,88.93%,99.98%,95.61%,0.73%,3.21%,10.41%,346118.3,328768.4,328775.0,315763.1,202297.2,704967.2,596153.4,498479.8,387615.3,387636.5,369626.7,214489.4,911746.5,841117.2,899.5,830.6,830.5,788.3,514.7,2040.4,1859.4,96990.2,93036.5,93019.5,85850.0,19578.6,304175.5,199757.5,4257.1,4014.9,4014.1,3693.7,718.6,13448.5,8521.0,1581.7,1507.5,1507.2,1386.2,313.9,5059.5,3193.2,957.4,905.2,905.1,835.3,237.4,2947.8,1926.0,1029071.9,976913.5,976282.6,927625.7,682677.4,2360043.3,2190980.5,568959.0,537892.9,537445.7,511479.9,376472.4,1277393.9,1231189.4,207256.2,196262.4,196127.2,185392.9,114276.7,505677.9,446875.0,63211.3,59894.7,59855.3,56551.3,34506.3,155151.8,136522.0,400639.2,384804.7,384730.8,354995.5,77227.8,1260999.9,829421.1,329653.4,318180.3,318116.5,292484.2,54185.8,1073288.8,678098.4,373296.7,360996.3,360925.0,331564.4,58546.3,1225875.4,765814.2,43988.2,42551.8,42543.4,39058.5,6761.3,145195.2,90180.9,1956.9,1958.3,1958.3,1933.1,1618.6,2690.6,2670.3,1941744.4,1951036.1,1951290.1,1952858.3,2055455.1,1884268.6,1921117.6,161.08%,43.46%,43.46%,38.18%,23.49%,27.28%,30.40%,419.29%,56.34%,56.33%,50.89%,30.95%,35.66%,31.29%,116.37%,68.38%,68.33%,63.30%,56.49%,45.03%,39.14%,105.56%,64.01%,63.95%,49.43%,27.16%,26.59%,43.47%,124.67%,69.37%,69.31%,55.46%,59.11%,29.64%,48.75%,110.59%,69.82%,69.77%,55.93%,81.52%,30.23%,49.40%,160.14%,72.97%,72.92%,62.19%,118.50%,30.53%,48.39%,94.68%,56.43%,56.00%,48.82%,61.19%,41.05%,31.53%,97.98%,58.83%,58.18%,51.32%,58.37%,45.49%,31.77%,97.83%,56.30%,55.83%,47.43%,52.48%,35.75%,28.77%,97.60%,56.31%,55.88%,47.40%,52.09%,35.21%,28.55%,103.61%,63.15%,63.08%,48.45%,22.92%,24.05%,42.01%,105.11%,66.48%,66.41%,51.24%,28.34%,26.58%,46.38%,105.19%,67.58%,67.52%,52.27%,31.75%,27.71%,47.85%,105.57%,68.17%,68.11%,52.77%,33.28%,28.14%,48.53%,30.79%,22.00%,21.99%,20.71%,15.58%,20.40%,19.37%,32.49%,31.94%,31.93%,31.88%,29.13%,33.60%,33.20%,281152.8,289734.1,289742.9,286303.2,193698.5,691776.1,583063.9,318366.0,325358.9,325376.5,320510.8,201509.7,924610.6,807418.7,691.3,708.0,708.0,694.9,492.9,1978.6,1752.1,73061.5,75954.3,75953.1,74530.7,19845.6,282827.7,181046.4,3127.4,3260.1,3259.9,3186.0,712.8,12641.6,7609.6,1191.5,1236.9,1236.8,1211.1,313.7,4745.3,2873.8,744.2,771.4,771.3,753.0,224.0,2797.8,1767.8,759503.5,775467.8,775456.6,762009.2,611213.9,2311028.0,2055471.3,436824.4,445550.5,445550.5,438334.4,338665.8,1229538.6,1132335.1,159167.2,163198.2,163195.0,160368.2,104771.3,490168.3,408816.9,48573.6,49892.1,49891.3,49011.4,31558.3,150403.7,124803.3,305614.6,317115.7,317091.1,311371.9,81507.9,1163728.3,758271.0,248536.4,258626.4,258605.1,253681.8,54535.9,991990.2,610618.0,280320.8,292190.8,292161.0,286133.7,57277.1,1133322.6,685703.8,32970.0,34338.8,34336.4,33635.3,6495.5,134095.5,80575.8,1809.2,1823.1,1823.1,1814.5,1613.9,2604.4,2571.6,1979820.9,1985185.4,1985387.4,1988596.4,2133708.0,1827723.4,1950955.4,557517.3,142889.8,142890.3,120570.8,47510.9,192283.5,181211.4,2090089.8,218370.6,218336.5,188105.5,66379.2,325155.7,263203.9,1046.7,568.0,567.5,499.0,290.7,918.7,727.8,102381.1,59555.1,59483.0,42433.0,5316.9,80879.1,86839.9,5307.5,2784.9,2782.1,2048.6,424.8,3985.6,4153.9,1749.2,1052.5,1051.5,775.3,255.9,1529.2,1577.5,1533.2,660.5,660.0,519.5,281.4,900.1,931.9,974303.1,551280.3,546759.8,452820.5,417710.5,968728.1,690853.1,557491.8,316440.4,312697.3,262510.3,219753.1,581038.3,391136.6,202755.4,110498.2,109505.3,87927.6,59967.3,180797.5,128577.4,61693.5,33728.6,33450.1,26807.2,17972.7,54633.3,38980.1,415110.3,243018.6,242672.4,171998.6,17696.8,303327.3,348452.9,346498.7,211523.2,211267.6,149869.2,15358.7,285231.5,314491.3,392653.4,243972.9,243709.6,173306.6,18585.7,339642.1,366440.0,46436.3,29005.9,28975.9,20609.9,2250.4,40851.5,43765.4,602.5,430.8,430.7,400.4,252.2,549.0,517.2,630967.0,623233.3,623056.3,622626.8,598740.3,633064.0,637846.9
01-KO3.OEc2.AZ-E9,,63630,52153,52133,50410,330,1198,4605,100.00%,81.96%,81.93%,79.22%,0.52%,1.88%,7.24%,100.00%,81.96%,99.96%,96.69%,0.63%,2.30%,8.83%,304681.2,309540.9,309529.8,300361.2,200623.9,676851.3,569956.8,432885.3,375339.0,375320.7,361167.8,211749.4,946142.6,840670.2,836.1,828.8,828.4,794.4,508.5,2180.4,1905.5,84158.7,86910.0,86881.5,81866.3,18946.7,293387.1,189226.9,3678.6,3764.0,3762.9,3540.0,738.4,12935.5,8099.8,1370.3,1409.5,1409.1,1325.5,313.5,4847.1,3018.2,825.7,846.7,846.5,797.7,207.0,2855.8,1833.1,945252.1,946647.9,944804.4,908302.5,722317.6,2374941.0,2181603.0,526860.9,525916.0,524641.4,504724.7,394555.3,1306464.6,1235361.1,188639.7,189618.0,189247.3,181240.8,118587.3,508446.8,441794.1,57279.6,57633.3,57525.4,55080.3,35769.6,155054.1,134287.4,348113.1,360016.7,359907.3,338981.5,74407.5,1222014.3,788777.4,287156.8,298770.4,298682.9,280747.7,53067.6,1038217.3,644796.4,325014.4,338842.4,338747.3,318270.7,57594.3,1183452.4,727179.8,38325.5,39973.1,39962.3,37531.1,6672.1,140252.0,85683.3,1877.8,1925.1,1924.9,1906.5,1635.9,2661.7,2634.1,1890734.1,1904511.5,1904946.9,1906517.1,2045268.9,1809637.6,1846337.6,191.59%,41.22%,41.21%,36.88%,23.38%,26.02%,29.07%,397.84%,54.94%,54.93%,49.75%,35.13%,33.89%,31.24%,114.78%,66.53%,66.34%,61.47%,63.11%,43.27%,38.57%,100.81%,60.55%,60.46%,48.59%,29.19%,24.36%,40.89%,115.14%,66.13%,66.08%,55.03%,65.58%,28.41%,45.86%,104.62%,66.51%,66.47%,55.44%,84.79%,29.39%,46.95%,108.10%,71.75%,71.72%,63.23%,129.34%,29.80%,46.97%,94.04%,56.08%,54.17%,48.19%,76.37%,39.47%,29.92%,97.09%,59.16%,56.14%,50.34%,70.97%,43.37%,29.86%,95.96%,55.87%,53.73%,46.67%,62.60%,34.16%,27.28%,95.72%,55.69%,53.72%,46.63%,61.44%,33.76%,27.14%,99.54%,59.88%,59.79%,47.71%,26.48%,22.03%,39.95%,100.52%,62.86%,62.80%,50.45%,30.84%,25.01%,43.76%,100.64%,63.90%,63.85%,51.49%,33.70%,26.30%,45.05%,101.05%,64.50%,64.46%,52.04%,34.70%,26.87%,45.73%,32.22%,20.42%,20.41%,19.32%,16.87%,19.71%,18.87%,34.76%,33.88%,33.86%,33.78%,29.58%,36.93%,36.57%,258304.8,276721.6,276742.0,274464.6,193239.0,674256.3,562568.4,298019.1,318095.9,318101.0,314988.4,192724.3,975619.3,814377.8,668.2,718.6,718.6,709.2,509.3,2173.5,1806.7,66195.2,72180.3,72166.2,71326.8,19018.8,276716.9,173855.9,2809.4,3107.6,3107.5,3062.1,722.0,12248.2,7369.1,1074.9,1179.0,1179.0,1163.7,302.0,4602.4,2727.5,664.6,731.9,731.8,720.8,208.5,2720.2,1703.9,723172.4,753802.6,753746.6,744905.8,606071.4,2323116.0,2068938.9,418097.5,436312.8,436271.2,431304.7,334663.9,1265563.0,1144074.5,150539.6,159132.9,159115.1,157317.2,102736.5,497064.1,407284.3,45801.7,48488.3,48480.9,47945.1,31208.1,151673.9,123656.0,276189.8,301112.8,301055.8,297663.8,79787.3,1141492.8,727459.5,224635.7,246356.6,246323.8,243097.5,53442.0,968753.0,583915.8,253009.5,277639.2,277586.0,274000.6,55727.4,1106228.9,656116.3,29761.9,32643.8,32639.2,32222.7,6401.3,131175.7,76975.1,1783.3,1813.5,1813.4,1807.7,1602.9,2581.0,2525.7,1902844.3,1906004.8,1906302.8,1907964.8,2078079.3,1818164.8,1862010.8,583742.4,127597.2,127547.3,110769.0,46903.0,176111.9,165682.3,1722181.6,206226.3,206149.5,179683.3,74377.7,320609.6,262589.1,959.6,551.3,549.6,488.3,320.9,943.4,735.0,84843.2,52620.7,52525.3,39778.6,5530.0,71482.0,77369.4,4235.5,2489.0,2486.4,1948.2,484.2,3674.4,3714.8,1433.6,937.4,936.7,734.8,265.8,1424.5,1416.9,892.6,607.5,607.1,504.4,267.7,850.9,861.1,888914.9,530893.8,511802.4,437727.3,551667.0,937470.3,652742.8,511540.7,311131.0,294550.8,254092.0,280008.2,566555.3,368825.0,181013.7,105942.0,101681.1,84592.0,74234.9,173700.5,120523.8,54827.0,32093.5,30904.3,25684.9,21976.0,52343.2,36445.0,346496.1,215563.6,215201.1,161740.9,19704.0,269217.7,315101.3,288660.4,187819.6,187580.8,141628.8,16367.5,259652.5,282188.2,327095.2,216526.7,216291.8,163878.0,19410.7,311261.7,327586.7,38729.4,25783.9,25758.3,19532.0,2315.2,37691.8,39184.8,605.1,393.2,392.9,368.4,276.0,524.5,496.9,657132.4,645237.5,644933.9,644061.9,605022.5,668370.9,675293.0
01-KO3.OEc2.AZ-F9,,67248,52298,52275,50289,253,1499,5037,100.00%,77.77%,77.73%,74.78%,0.38%,2.23%,7.49%,100.00%,77.77%,99.96%,96.20%,0.48%,2.87%,9.64%,293489.5,309634.5,309668.1,298124.5,195237.9,673789.2,563911.3,440396.4,372284.0,372316.0,354657.3,202326.8,931655.8,821534.1,801.2,840.0,839.8,797.0,513.0,2177.4,1910.0,84706.5,92394.8,92385.4,85818.4,18843.3,303657.7,199082.2,3738.9,3987.8,3987.4,3695.1,743.3,13392.2,8490.8,1377.1,1489.9,1489.8,1379.8,324.7,5016.3,3168.5,822.2,886.8,886.8,823.3,205.1,2927.2,1904.8,913085.9,956499.6,954143.6,908003.9,742487.3,2384944.5,2164625.5,514877.8,536441.6,534694.4,509180.8,410489.1,1327214.9,1237805.1,186647.6,196443.5,195954.0,185571.8,124171.0,522182.9,449957.5,56749.9,59822.7,59682.0,56510.1,37615.7,159381.0,136974.2,351714.1,383857.7,383829.8,356669.2,76496.7,1257768.1,830570.3,290768.5,319042.2,319014.3,295656.7,52789.7,1071664.9,680189.4,328999.5,361671.2,361638.3,334954.3,56560.5,1221829.6,766833.1,38780.7,42650.1,42646.1,39479.9,6557.7,144708.3,90311.3,1851.9,1934.4,1934.1,1910.4,1622.1,2677.2,2653.2,2005578.1,2056097.6,2056574.6,2058572.6,2219992.3,1966342.4,1982264.8,198.87%,41.52%,41.52%,36.18%,23.31%,26.35%,29.82%,492.28%,55.50%,55.49%,49.00%,31.87%,35.24%,32.33%,126.50%,67.49%,67.38%,61.65%,62.33%,43.99%,39.02%,102.48%,61.49%,61.46%,47.14%,29.98%,28.53%,43.47%,126.73%,67.31%,67.30%,53.98%,60.62%,32.05%,49.27%,108.47%,69.10%,69.09%,56.25%,81.47%,33.04%,53.40%,113.89%,76.38%,76.37%,67.40%,148.11%,33.62%,61.18%,97.05%,59.31%,55.12%,47.52%,58.94%,42.11%,33.03%,101.77%,66.12%,57.30%,49.80%,54.58%,46.23%,33.53%,99.06%,60.23%,54.64%,45.66%,48.46%,36.83%,30.53%,98.61%,59.49%,54.56%,45.57%,47.83%,36.35%,30.32%,100.13%,60.18%,60.16%,46.14%,24.74%,24.62%,41.22%,101.35%,63.41%,63.39%,48.91%,28.07%,28.06%,45.54%,101.68%,64.58%,64.57%,50.00%,30.81%,29.70%,47.11%,102.04%,65.22%,65.21%,50.56%,32.01%,30.40%,47.87%,33.90%,20.95%,20.92%,19.61%,16.84%,19.94%,19.28%,33.23%,31.37%,31.35%,31.27%,26.07%,34.51%,34.59%,250814.8,277204.7,277219.0,274029.4,184384.5,666377.2,549736.1,284563.2,315004.4,315028.7,310560.5,185622.0,963708.6,785720.0,646.0,723.6,723.6,711.7,487.3,2170.7,1790.1,67868.8,76402.5,76398.3,75183.6,19165.1,283085.2,180442.3,2847.4,3275.6,3275.2,3211.7,717.2,12545.1,7624.6,1085.9,1238.8,1238.7,1215.3,321.1,4696.3,2804.4,664.3,769.9,769.8,751.7,180.2,2754.8,1738.0,713582.9,754338.4,754185.3,742970.9,660628.8,2319646.0,2012926.6,415521.3,441351.1,441323.8,435025.3,377751.1,1279798.6,1129085.3,151306.2,163040.2,163018.5,160666.4,115884.5,501613.6,409665.3,46154.3,49744.8,49741.5,49054.7,35299.4,152859.2,124751.3,285510.9,320247.2,320239.1,315146.3,81608.2,1169679.8,761812.8,231383.4,263135.8,263130.2,258642.7,53708.4,996764.2,613425.6,259760.8,296527.9,296491.8,291173.9,54999.7,1135062.6,689875.8,30528.1,34878.3,34877.5,34228.6,6309.0,134564.5,80878.0,1773.8,1818.5,1818.5,1809.8,1601.6,2607.1,2543.9,1988165.6,2030960.6,2031404.6,2034275.6,2357253.8,1942509.6,1977675.6,583671.4,128555.7,128566.0,107859.8,45507.9,177520.3,168168.8,2167987.3,206620.5,206594.1,173765.3,64484.0,328288.5,265582.7,1013.6,567.0,565.8,491.3,319.8,957.9,745.4,86808.2,56812.8,56779.8,40456.8,5650.0,86641.9,86547.0,4738.4,2684.2,2683.4,1994.5,450.6,4292.6,4183.5,1493.7,1029.5,1029.2,776.1,264.5,1657.5,1692.0,936.4,677.3,677.2,554.9,303.8,984.1,1165.4,886167.1,567253.9,525940.2,431519.8,437657.1,1004328.3,715017.9,524001.0,354707.3,306365.0,253580.9,224048.5,613623.9,415038.2,184894.6,118324.0,107067.4,84736.1,60175.3,192310.9,137364.0,55959.9,35587.2,32564.9,25752.4,17990.0,57931.0,41537.1,352155.0,231005.4,230925.4,164554.9,18926.9,309609.5,342401.8,294682.8,202293.4,202230.2,144611.8,14819.0,300731.6,309783.8,334512.0,233571.7,233497.5,167478.9,17427.0,362851.8,361278.2,39572.7,27817.3,27808.8,19961.2,2099.0,43995.2,43232.3,627.9,405.3,404.6,374.7,273.1,533.7,511.5,666425.3,645057.5,644718.8,643691.6,578679.2,678565.4,685695.2
01-KO3.OEc5-A10,,127910,108667,108653,104649,276,3165,8894,100.00%,84.96%,84.94%,81.81%,0.22%,2.47%,6.95%,100.00%,84.96%,99.99%,96.31%,0.25%,2.91%,8.19%,310398.2,334420.9,334420.0,322607.8,205549.7,689666.3,583783.4,394648.8,380005.1,379995.5,365418.0,228956.8,820399.7,785880.0,734.1,778.3,778.2,746.1,502.9,1747.7,1677.6,94820.4,103131.8,103122.4,96684.0,19918.6,300178.1,205349.2,4155.2,4488.3,4488.0,4191.0,668.3,13562.9,8786.7,1545.6,1677.8,1677.7,1565.3,268.6,5109.2,3290.1,923.1,999.5,999.4,934.7,178.4,2979.7,1978.3,839433.7,886477.8,885963.8,851441.6,658356.1,1921579.6,1875311.5,476717.5,500229.8,499869.5,481651.0,378545.9,1046909.3,1088568.5,183847.4,194803.3,194694.2,186368.4,118261.8,446544.5,419508.8,56637.5,60108.2,60075.9,57487.6,36197.3,138375.5,129431.3,388403.8,422484.6,422459.7,396183.8,77448.9,1226751.9,849306.3,324535.6,354136.8,354117.6,330948.8,53764.7,1063025.3,699949.8,370224.8,404387.2,404365.6,377594.6,58435.2,1223344.6,793645.4,43752.4,47798.5,47796.1,44607.2,6781.8,145331.6,93625.8,1826.8,1891.7,1891.6,1864.1,1640.5,2704.4,2662.1,1934745.3,1971853.6,1971983.6,1971021.4,2125604.3,1983975.6,1961805.5,127.63%,36.91%,36.90%,31.53%,22.17%,26.13%,31.00%,353.31%,47.78%,47.77%,42.77%,33.18%,36.75%,30.75%,99.55%,63.75%,63.73%,59.86%,58.19%,47.91%,39.89%,73.12%,54.24%,54.20%,43.36%,24.37%,24.16%,41.28%,90.51%,61.15%,61.13%,51.12%,76.92%,26.68%,47.94%,81.49%,62.37%,62.35%,52.26%,106.41%,28.09%,49.48%,86.12%,65.88%,65.86%,57.74%,164.82%,29.54%,49.20%,66.66%,46.11%,45.68%,39.84%,54.35%,38.47%,27.80%,70.24%,49.38%,48.77%,43.70%,52.35%,44.07%,27.90%,67.16%,46.10%,45.68%,39.06%,47.63%,33.67%,24.91%,66.94%,46.10%,45.71%,39.04%,47.13%,33.25%,24.76%,71.72%,52.89%,52.87%,41.79%,20.00%,22.41%,39.16%,74.42%,56.77%,56.75%,45.60%,23.77%,24.12%,43.97%,75.28%,58.06%,58.04%,46.95%,26.22%,24.97%,45.62%,75.80%,58.69%,58.67%,47.53%,27.51%,25.46%,46.43%,27.96%,20.10%,20.08%,18.12%,14.60%,21.82%,21.19%,33.70%,31.96%,31.95%,31.96%,27.84%,31.83%,32.87%,293267.2,309385.7,309389.6,306252.2,197100.1,676757.3,576682.0,317350.4,337200.5,337200.5,332625.7,217359.5,799149.1,753021.6,647.1,700.7,700.7,688.4,481.0,1642.9,1580.9,82024.5,88809.7,88809.7,87207.1,19800.2,281086.0,188450.0,3469.2,3819.3,3819.3,3731.7,674.7,12903.5,7911.9,1306.8,1433.3,1433.3,1403.0,261.1,4853.3,2949.6,805.5,885.8,885.8,865.9,171.4,2851.9,1815.3,727665.2,749940.9,749909.1,741753.7,629132.9,1838484.3,1722354.6,423848.8,440016.9,440007.2,434113.6,355719.6,983493.4,1006528.8,163023.5,170234.1,170227.4,167862.6,110621.5,428496.7,385919.4,50373.9,52643.8,52641.8,51938.2,33834.4,133059.2,119145.1,340482.9,368067.1,368067.1,361351.1,80234.3,1142182.1,785233.5,277799.1,302804.1,302804.1,296855.4,53897.9,991520.0,636221.8,314018.3,343128.8,343128.8,336154.2,57563.4,1143172.4,717812.5,36978.3,40431.9,40431.9,39597.2,6677.4,136176.1,84341.5,1762.4,1788.0,1788.0,1780.4,1630.8,2648.6,2576.4,1961122.5,1990369.0,1990449.0,1989197.0,2117882.5,2002872.0,2000400.5,396153.7,123419.4,123403.3,101723.7,45578.6,180232.7,180986.0,1394317.8,181575.3,181542.3,156297.9,75963.4,301521.6,241646.4,730.8,496.2,495.9,446.6,292.7,837.3,669.1,69330.1,55935.5,55894.4,41923.3,4854.2,72522.9,84776.5,3760.7,2744.6,2743.4,2142.3,514.0,3618.9,4212.7,1259.6,1046.4,1046.0,818.1,285.9,1435.0,1627.9,795.0,658.4,658.2,539.7,294.1,880.3,973.2,559531.6,408726.5,404708.6,339205.4,357844.1,739294.9,521386.2,334863.5,247032.6,243764.3,210481.8,198164.8,461396.7,303712.6,123471.4,89796.0,88933.7,72790.1,56334.0,150345.5,104491.2,37913.0,27707.3,27461.2,22442.4,17060.8,46011.1,32043.2,278551.8,223461.3,223350.8,165582.8,15492.5,274915.8,332597.9,241517.8,201047.9,200967.3,150907.1,12779.3,256373.3,307793.2,278711.6,234771.9,234683.6,177271.9,15319.0,305485.9,362060.5,33163.7,28050.7,28040.9,21203.2,1865.5,37002.6,43469.2,510.8,380.2,379.9,337.8,239.6,590.1,564.1,651930.8,630207.8,630093.4,630014.6,591849.8,631418.6,644915.4
01-KO3.OEc5-B10,,131345,116841,116835,113112,262,2968,9007,100.00%,88.96%,88.95%,86.12%,0.20%,2.26%,6.86%,100.00%,88.96%,99.99%,96.81%,0.22%,2.54%,7.71%,316581.7,324193.7,324198.3,313973.2,200573.2,679430.8,568911.1,425503.7,382381.5,382385.8,369395.7,226777.4,836130.5,790871.9,751.2,767.8,767.8,739.4,473.9,1765.4,1654.5,95508.8,100136.6,100134.3,94512.3,19976.6,299006.4,200245.0,4212.2,4382.8,4382.6,4120.9,700.4,13630.4,8635.9,1561.4,1633.5,1633.4,1533.8,276.0,5156.3,3235.6,929.8,970.1,970.1,912.9,187.3,2993.5,1938.2,851345.1,879311.3,879229.4,849034.9,646978.6,1926123.8,1872824.4,485284.4,499514.6,499461.4,483360.4,371173.4,1057709.4,1092510.8,186821.3,193205.8,193189.9,185880.4,116565.2,448557.3,418157.8,57420.6,59433.2,59428.5,57165.9,35621.3,138468.6,128683.6,391713.4,410713.7,410705.5,387858.1,78511.1,1220377.8,827043.3,329011.2,346057.6,346050.2,325725.3,54875.5,1065959.9,685941.3,375719.5,395577.9,395569.3,372039.7,59660.0,1228760.6,778785.4,44448.3,46805.5,46804.5,43997.4,6946.2,146197.9,91990.6,1849.1,1885.6,1885.6,1862.1,1654.0,2686.3,2646.8,1892960.0,1911510.8,1911540.4,1911508.9,2070970.6,1900384.9,1873030.1,143.64%,36.16%,36.15%,31.06%,22.44%,26.08%,29.98%,391.77%,46.47%,46.47%,41.66%,29.37%,36.80%,29.84%,89.93%,63.81%,63.81%,59.63%,63.78%,51.57%,42.37%,73.68%,53.36%,53.35%,43.01%,24.55%,23.49%,41.01%,85.81%,60.74%,60.72%,51.14%,67.35%,26.56%,47.78%,81.08%,62.17%,62.16%,52.28%,89.86%,28.17%,49.45%,84.79%,65.94%,65.93%,58.01%,144.03%,29.62%,49.30%,63.80%,44.85%,44.79%,39.39%,50.79%,38.32%,26.91%,66.48%,47.86%,47.78%,43.06%,48.91%,43.68%,26.78%,64.75%,44.83%,44.77%,38.61%,44.73%,33.46%,24.29%,64.71%,44.94%,44.88%,38.68%,44.60%,33.22%,24.23%,71.31%,51.87%,51.85%,41.43%,20.52%,21.19%,38.70%,74.54%,56.02%,56.01%,45.46%,23.50%,23.39%,43.64%,75.45%,57.38%,57.37%,46.86%,25.79%,24.41%,45.31%,76.11%,58.06%,58.04%,47.50%,26.78%,24.88%,46.09%,27.50%,19.41%,19.40%,17.60%,15.52%,22.79%,21.62%,32.20%,31.20%,31.20%,31.20%,28.16%,31.14%,31.88%,290694.0,301392.4,301395.8,298745.1,192352.8,665613.1,560165.1,329106.1,341610.6,341613.6,337646.3,214978.2,811644.9,756302.8,664.2,696.3,696.3,686.1,450.4,1633.3,1558.4,81786.2,86330.5,86330.5,84981.5,19823.4,281193.7,182871.9,3487.9,3720.0,3720.0,3650.1,694.9,12948.9,7731.9,1309.9,1394.6,1394.6,1369.4,276.8,4905.2,2872.7,807.6,860.2,860.2,842.5,182.2,2842.6,1763.7,736401.8,752213.1,752213.1,745635.0,640414.6,1845549.0,1724548.8,431689.7,443149.4,443149.4,438355.4,360129.4,982951.1,1008965.7,164926.9,169937.1,169937.1,167997.2,111745.6,427658.4,385208.5,50821.7,52391.5,52391.5,51798.6,34070.7,132304.9,118713.0,340791.2,358861.6,358864.0,353587.1,82149.5,1135149.0,763137.3,279162.7,295828.9,295833.4,291109.4,56227.1,996499.8,620103.8,315816.9,335304.6,335307.2,329467.8,59580.4,1156655.6,699202.4,37208.6,39563.3,39564.0,38845.6,6919.5,137509.9,82319.5,1776.0,1792.8,1792.8,1786.5,1658.5,2604.7,2541.4,1927281.3,1942639.3,1942653.3,1942441.8,2090340.3,1942140.8,1883916.3,454735.2,117212.4,117212.5,97520.4,45008.8,177169.6,170587.3,1667016.1,177696.0,177691.6,153887.0,66599.4,307676.2,235999.6,675.5,490.0,489.9,440.9,302.3,910.4,701.0,70370.5,53435.0,53419.6,40645.4,4903.6,70235.9,82123.8,3614.7,2661.9,2661.2,2107.6,471.8,3619.7,4126.3,1266.0,1015.6,1015.3,801.9,248.0,1452.4,1600.0,788.3,639.7,639.6,529.6,269.8,886.7,955.5,543144.1,394401.7,393772.1,334397.3,328614.0,738080.6,503904.9,322615.3,239090.0,238639.3,208128.3,181533.2,462047.0,292574.2,120970.8,86623.2,86498.4,71766.9,52145.2,150091.4,101550.1,37156.3,26706.6,26670.5,22113.8,15885.9,45999.7,31181.8,279336.6,213021.3,212958.1,160682.2,16111.4,258585.5,320041.0,245230.8,193859.3,193807.5,148062.4,12894.9,249329.6,299367.5,283494.6,226990.1,226931.8,174346.2,15385.5,299951.2,352855.1,33827.9,27174.6,27167.6,20900.7,1860.3,36381.3,42395.1,508.4,365.9,365.9,327.7,256.8,612.3,572.3,609528.6,596343.0,596309.5,596423.1,583238.7,591787.3,597183.3
01-KO3.OEc5-C10,,124088,108613,108607,104918,228,2941,8353,100.00%,87.53%,87.52%,84.55%,0.18%,2.37%,6.73%,100.00%,87.53%,99.99%,96.60%,0.21%,2.71%,7.69%,314733.4,331438.1,331441.6,320278.0,203711.5,693035.2,587974.4,398986.3,383833.4,383835.5,369348.6,226213.8,858746.0,814942.4,754.9,777.0,777.0,745.2,493.2,1818.9,1714.2,95324.0,100547.1,100543.6,94427.8,20049.3,301496.8,204658.6,4162.5,4376.9,4376.8,4095.6,702.6,13595.7,8772.2,1551.5,1635.1,1635.1,1527.4,300.6,5165.4,3301.1,926.9,975.0,975.0,912.9,188.8,3008.6,1979.7,841408.0,869856.8,869692.1,836436.9,654580.1,1952240.9,1888430.6,474505.6,488750.3,488633.3,470871.6,372710.3,1068978.1,1093915.4,183214.4,189915.9,189880.6,181829.9,116059.1,453895.6,421000.0,56396.0,58515.7,58505.4,56007.7,35417.9,140428.7,129873.3,390630.4,412025.8,412009.4,387031.5,77534.5,1233104.9,847992.2,327256.0,346341.4,346328.1,324273.5,53906.0,1070177.0,700656.7,373386.6,395573.8,395559.3,370096.1,58453.8,1230809.5,794242.7,44145.7,46777.1,46775.4,43742.7,6792.1,146226.3,93722.2,1838.7,1883.7,1883.7,1857.8,1629.5,2709.7,2662.7,1912499.9,1932412.3,1932474.1,1932056.0,2106738.5,1933681.1,1921291.1,114.18%,36.65%,36.65%,31.29%,21.42%,26.69%,30.11%,302.98%,48.07%,48.07%,42.93%,30.96%,35.90%,29.67%,91.34%,63.38%,63.37%,58.85%,62.39%,48.82%,38.94%,74.10%,54.68%,54.67%,43.66%,26.71%,24.61%,41.76%,85.63%,61.65%,61.64%,51.53%,68.32%,27.32%,48.33%,81.89%,63.04%,63.03%,52.55%,92.24%,28.56%,49.93%,85.22%,66.50%,66.49%,58.06%,157.23%,29.83%,49.76%,66.99%,46.47%,46.35%,40.39%,56.75%,38.46%,27.40%,70.41%,49.67%,49.50%,44.22%,53.93%,43.45%,27.27%,68.39%,46.73%,46.62%,39.82%,48.52%,33.29%,24.81%,68.36%,46.91%,46.81%,39.97%,48.41%,33.08%,24.79%,72.21%,53.28%,53.27%,42.12%,22.70%,22.01%,39.17%,74.92%,57.24%,57.23%,45.97%,26.12%,24.36%,44.26%,75.72%,58.53%,58.52%,47.32%,28.58%,25.45%,46.00%,76.24%,59.16%,59.15%,47.92%,29.60%,25.96%,46.80%,26.06%,19.94%,19.94%,17.99%,15.88%,22.32%,21.10%,33.11%,31.92%,31.92%,31.93%,28.63%,31.68%,31.55%,294149.2,306284.2,306286.4,303398.3,196448.8,678062.0,577205.2,325159.5,339649.0,339651.9,335188.4,212202.5,847838.5,781255.8,658.7,697.4,697.4,685.9,476.4,1726.4,1609.1,81152.6,86368.5,86368.5,84851.1,20303.8,282676.7,186956.2,3442.8,3708.5,3708.5,3628.9,673.0,12880.8,7903.4,1297.0,1392.6,1392.6,1363.8,320.1,4905.7,2937.7,802.6,862.6,862.6,843.4,202.2,2855.3,1813.1,720776.5,737307.6,737304.5,730160.8,609806.1,1871157.8,1736271.3,418193.3,431004.9,431004.2,425766.9,349335.6,1004419.1,1008420.6,160521.6,165956.1,165955.7,163842.1,108466.5,434843.3,388198.8,49545.9,51270.2,51268.5,50631.1,33157.8,134629.6,119642.2,337666.3,358187.3,358162.0,352564.4,82298.2,1145362.1,783240.7,276280.7,294898.1,294896.4,289262.8,54431.5,998176.0,634137.6,312420.3,334266.5,334262.7,327828.1,57978.6,1150995.6,713263.0,36796.3,39409.1,39408.9,38641.5,6724.0,136992.8,83845.1,1763.3,1783.0,1783.0,1776.4,1607.0,2637.4,2576.7,1955909.4,1992407.4,1992431.4,1992047.4,2198306.3,1997382.4,1943939.4,359375.9,121486.4,121488.0,100212.7,43633.5,184970.0,177051.4,1208847.3,184525.3,184518.5,158545.7,70045.1,308303.4,241793.7,689.6,492.5,492.4,438.5,307.7,887.9,667.6,70637.1,54977.3,54964.6,41231.3,5354.4,74195.1,85470.1,3564.2,2698.4,2697.9,2110.3,480.0,3714.3,4240.0,1270.5,1030.8,1030.6,802.7,277.3,1475.2,1648.4,789.9,648.3,648.3,530.0,296.9,897.6,985.1,563618.6,404180.1,403121.5,337816.7,371462.7,750800.3,517439.1,334083.3,242755.9,241872.4,208240.5,200988.1,464474.2,298354.8,125308.5,88755.6,88527.3,72405.3,56311.0,151097.4,104466.4,38551.1,27448.4,27384.2,22387.2,17146.1,46454.1,32191.3,282072.3,219539.2,219473.0,163012.4,17596.6,271373.8,332174.3,245182.5,198247.0,198200.4,149068.8,14081.2,260738.2,310095.0,282736.2,231547.5,231499.6,175146.5,16707.3,313220.1,365321.0,33656.0,27675.2,27669.5,20961.9,2010.2,37958.6,43857.8,479.1,375.6,375.5,334.3,258.8,604.7,561.7,633195.4,616824.4,616782.3,616980.6,603104.0,612553.4,606263.4
01-KO3.OEc5.AZ-D10,,64478,53927,53923,52041,216,1419,5814,100.00%,83.64%,83.63%,80.71%,0.33%,2.20%,9.02%,100.00%,83.64%,99.99%,96.51%,0.40%,2.63%,10.78%,332422.3,336708.2,336714.6,326431.1,207868.7,686064.4,565160.7,507347.5,435158.3,435167.8,420057.5,236776.8,948007.5,851719.3,970.2,952.9,952.8,916.8,640.0,2153.0,1921.1,92290.8,95447.3,95450.5,89847.7,20308.8,289613.9,183496.9,3960.7,4048.3,4048.4,3800.6,803.8,12633.7,7667.3,1511.6,1525.6,1525.6,1431.5,331.2,4782.5,2885.3,937.3,931.5,931.5,876.2,244.8,2834.9,1775.5,931370.7,946126.3,945933.8,911953.3,669568.9,2086456.9,1939323.5,539372.5,545838.1,545701.1,526718.0,384373.5,1183751.3,1147487.1,202348.3,205692.2,205655.6,197410.5,119747.5,486047.0,428481.4,62195.9,63271.1,63260.5,60703.3,36490.7,150263.6,131971.0,387369.2,401141.4,401156.0,377566.9,79758.0,1218964.8,776449.6,313632.9,326789.5,326801.7,306686.1,53924.6,1025126.9,623222.4,352652.8,368182.0,368195.9,345291.7,57470.6,1163606.8,697839.5,41465.7,43290.4,43292.0,40579.0,6628.9,137501.4,81919.8,1928.8,1977.8,1977.8,1956.2,1659.7,2706.6,2655.4,1990336.4,2003261.4,2003304.6,2003800.4,2097958.5,1967661.1,1977025.1,166.24%,38.79%,38.79%,34.78%,24.55%,25.39%,29.67%,380.59%,49.88%,49.88%,45.97%,31.46%,33.21%,30.76%,124.37%,64.10%,64.10%,60.68%,52.90%,45.85%,39.71%,89.78%,55.30%,55.30%,44.54%,25.26%,22.76%,40.32%,105.64%,61.12%,61.12%,51.00%,57.19%,26.50%,45.88%,486.69%,61.99%,61.99%,51.90%,74.68%,27.27%,47.13%,738.10%,66.41%,66.41%,58.79%,128.64%,28.31%,47.07%,83.68%,49.53%,49.40%,44.35%,57.11%,40.18%,29.29%,85.71%,51.91%,51.72%,46.91%,53.74%,44.56%,29.29%,84.47%,49.04%,48.93%,42.94%,48.26%,34.33%,26.43%,84.46%,49.11%,49.02%,42.97%,47.95%,33.97%,26.30%,86.96%,54.41%,54.40%,43.52%,20.07%,20.40%,38.89%,88.56%,57.73%,57.73%,46.41%,22.38%,23.37%,43.13%,88.96%,58.90%,58.90%,47.54%,24.55%,24.73%,44.64%,89.73%,59.52%,59.52%,48.08%,25.75%,25.39%,45.40%,31.25%,20.37%,20.36%,19.18%,15.98%,20.47%,19.91%,29.19%,28.19%,28.19%,28.17%,26.18%,29.03%,28.86%,290490.1,307253.1,307261.7,304170.2,195177.0,678838.9,553423.6,357951.9,378653.6,378656.9,374329.9,226773.7,955832.1,823953.3,787.4,832.8,832.8,819.0,614.1,2066.3,1795.8,75448.4,81252.8,81254.0,79995.6,20084.4,274488.4,169083.2,3148.0,3422.3,3422.5,3361.3,814.3,12035.4,6954.6,1198.1,1300.3,1300.3,1278.4,312.7,4538.5,2604.9,756.6,822.0,822.0,805.3,245.5,2710.9,1635.8,753509.7,779612.8,779597.2,771190.8,645343.6,2031710.3,1758080.9,450645.1,468143.4,468135.3,462991.9,385270.9,1129787.8,1045135.5,169065.3,177159.5,177158.0,174900.7,121045.8,471069.0,391462.8,52084.5,54587.0,54586.9,53908.3,36626.8,146468.9,120797.0,321265.1,344148.5,344148.7,339303.0,84660.3,1142159.4,719962.4,256314.3,277264.0,277269.5,272426.0,55529.2,959192.0,570225.9,286648.4,310284.9,310305.5,305125.3,57094.9,1089894.3,634927.1,33565.9,36356.1,36356.2,35741.5,6546.5,128998.1,74422.0,1839.2,1868.0,1868.0,1860.0,1651.1,2629.2,2547.7,2031986.0,2048789.5,2048848.5,2049819.5,2214473.0,2007620.5,2015796.5,552607.7,130620.2,130620.3,113548.8,51037.1,174164.2,167686.0,1930910.1,217062.8,217062.1,193089.0,74495.0,314786.4,261979.3,1206.6,610.8,610.8,556.3,338.5,987.1,762.8,82861.8,52781.7,52780.6,40022.6,5129.1,65906.0,73990.0,4184.0,2474.4,2474.4,1938.2,459.7,3347.5,3517.5,7357.0,945.7,945.7,742.9,247.3,1304.2,1359.8,6918.4,618.6,618.6,515.1,315.0,802.4,835.7,779346.7,468569.4,467272.9,404439.8,382357.5,838402.1,568099.8,462292.8,283338.1,282263.5,247063.1,206578.4,527490.6,336053.4,170930.4,100869.7,100632.4,84773.8,57784.6,166840.5,113246.1,52531.1,31073.1,31007.6,26084.6,17496.7,51037.2,34701.9,336860.8,218249.4,218243.7,164298.5,16007.3,248645.2,301926.4,277766.2,188657.5,188653.5,142334.5,12066.8,239618.3,268800.4,313715.8,216876.2,216871.8,164142.9,14111.1,287765.5,311510.3,37208.5,25766.6,25766.1,19509.9,1706.9,34916.8,37193.3,602.7,402.8,402.8,375.1,265.2,554.0,528.7,580987.6,564681.4,564641.8,564373.6,549339.8,571193.4,570648.7
01-KO3.OEc5.AZ-E10,,83109,66118,66103,63488,259,2018,6922,100.00%,79.56%,79.54%,76.39%,0.31%,2.43%,8.33%,100.00%,79.56%,99.98%,96.04%,0.39%,3.05%,10.47%,322685.9,336029.1,336036.1,323694.0,205077.3,694657.3,582374.9,485816.7,429510.7,429519.3,412280.1,226930.9,929743.4,867621.3,931.8,940.9,940.8,901.0,575.9,2084.0,1940.4,92456.9,98043.6,98041.0,91260.0,19868.9,299256.6,195824.5,4011.9,4202.8,4202.8,3897.0,725.4,13278.1,8325.3,1492.4,1574.6,1574.6,1459.1,296.3,5000.2,3114.3,906.6,951.4,951.4,884.6,209.0,2929.2,1892.9,919164.0,944550.7,943305.8,903376.1,660511.1,2091582.0,1989127.9,530225.5,541805.9,540953.1,519136.5,378320.6,1168523.5,1159990.5,198630.7,204747.0,204508.4,194989.5,118024.8,481384.8,434457.8,60866.0,62825.9,62756.4,59817.1,35965.4,148270.8,133364.5,383815.8,407691.5,407684.2,379645.3,79696.4,1240188.5,814658.9,314255.3,335875.1,335870.2,311461.8,54337.1,1061854.6,665787.8,354543.5,379704.3,379699.8,351725.3,57944.7,1212147.9,750197.3,41721.2,44695.1,44694.6,41376.3,6675.4,143452.6,88230.5,1900.3,1969.8,1969.7,1944.2,1615.6,2705.2,2673.9,1942022.9,1979269.8,1979508.1,1980103.5,2098190.0,1945507.1,1941929.5,191.17%,39.57%,39.57%,34.69%,24.92%,25.12%,29.12%,386.45%,50.40%,50.40%,45.98%,32.31%,33.32%,29.32%,116.80%,64.86%,64.83%,61.34%,55.61%,45.63%,38.95%,103.46%,57.92%,57.89%,45.23%,23.69%,26.27%,42.46%,120.13%,64.09%,64.06%,52.06%,61.40%,28.96%,47.89%,108.64%,64.93%,64.90%,52.80%,82.27%,30.16%,49.39%,110.72%,68.69%,68.67%,59.49%,135.87%,30.71%,48.65%,93.84%,52.07%,50.93%,45.01%,59.20%,41.46%,30.67%,96.53%,54.26%,52.77%,47.16%,55.44%,46.43%,30.93%,95.19%,50.53%,49.64%,42.64%,49.55%,35.69%,27.35%,94.95%,50.42%,49.62%,42.58%,49.09%,35.15%,27.11%,100.89%,56.46%,56.43%,43.70%,19.08%,23.66%,40.73%,103.41%,60.46%,60.43%,47.10%,22.38%,26.56%,45.55%,104.09%,61.84%,61.82%,48.41%,25.03%,27.75%,47.16%,104.76%,62.51%,62.48%,49.00%,26.40%,28.26%,47.90%,33.86%,20.47%,20.46%,19.00%,16.24%,20.64%,19.95%,32.60%,30.76%,30.74%,30.70%,25.34%,32.44%,32.23%,281569.4,305016.8,305027.5,301331.2,192251.5,691983.1,574620.2,344193.4,373231.6,373240.3,367685.9,217223.4,938864.9,842905.1,750.7,821.7,821.7,807.2,549.1,2003.6,1831.8,74469.7,82593.3,82593.3,81142.0,19666.2,279433.9,179407.3,3102.3,3507.9,3508.3,3429.6,710.4,12511.8,7494.7,1182.3,1323.9,1323.9,1296.1,289.3,4705.9,2791.5,738.0,832.4,832.4,812.2,189.7,2773.3,1742.3,739078.9,769918.6,769861.4,759944.2,655131.0,2030753.1,1834753.1,439710.5,461012.3,460940.8,454540.9,378985.2,1118933.0,1066690.8,164456.4,174603.7,174593.6,171862.8,117085.4,464225.4,399483.4,50512.9,53713.5,53707.1,52902.4,35851.5,143436.6,122861.5,314637.8,347610.8,347623.2,341659.3,83248.5,1150225.9,751189.3,252070.5,281354.9,281355.8,275735.7,55062.5,987870.1,601356.9,281950.3,315575.6,315578.6,309236.1,56724.7,1130591.3,674705.1,33068.9,37026.0,37026.6,36285.8,6554.6,133619.0,79083.9,1819.4,1858.5,1858.5,1849.2,1604.4,2637.7,2567.6,1960509.9,1991576.9,1991702.9,1992514.4,2121040.8,1949492.4,1939289.9,616872.8,132983.4,132968.5,112273.5,51103.4,174522.5,169575.5,1877418.0,216489.8,216472.6,189583.5,73324.0,309823.2,254374.4,1088.4,610.2,609.8,552.6,320.3,950.9,755.9,95657.8,56782.1,56753.1,41274.8,4706.1,78610.8,83148.8,4819.6,2693.5,2692.4,2028.6,445.4,3845.4,3986.8,1621.4,1022.4,1022.0,770.4,243.8,1508.0,1538.0,1003.8,653.5,653.3,526.2,284.0,899.5,920.9,862498.9,491832.8,480421.2,406588.8,390997.1,867071.6,610036.3,511849.3,293984.2,285469.6,244805.5,209757.5,542491.3,358781.1,189073.0,103449.0,101520.2,83134.6,58477.4,171817.4,118819.5,57790.0,31675.1,31136.6,25468.0,17654.1,52124.6,36153.8,387244.9,230200.9,230070.6,165902.9,15205.5,293471.7,331845.0,324974.4,203065.6,202969.9,146694.2,12160.3,281991.3,303257.3,369030.4,234817.0,234713.2,170256.3,14506.1,336380.2,353795.7,43707.7,27937.9,27925.7,20276.3,1762.4,40535.1,42265.9,643.5,403.2,403.0,369.4,262.4,558.4,533.5,633087.1,608771.7,608563.3,607959.8,531695.8,631076.1,625842.9
01-KO3.OEc5.AZ-F10,,65249,50576,50564,48332,198,1743,5902,100.00%,77.51%,77.49%,74.07%,0.30%,2.67%,9.05%,100.00%,77.51%,99.98%,95.59%,0.39%,3.45%,11.67%,314510.8,335090.2,335099.9,322333.0,199409.3,663944.8,550949.6,498138.2,438126.1,438132.7,418623.7,227146.5,940767.8,846159.0,945.0,965.4,965.2,918.7,568.2,2147.5,1897.5,95967.6,103747.8,103745.9,96395.2,19509.6,295978.9,195569.8,4208.0,4507.8,4507.9,4175.4,729.6,13206.3,8349.4,1570.4,1688.4,1688.5,1562.4,318.4,4978.7,3133.3,948.6,1013.0,1013.0,940.4,196.5,2912.4,1883.2,921471.6,955877.2,954342.1,911335.9,712407.9,2048631.5,1918533.0,537615.8,554089.3,552990.7,528788.9,405415.6,1168744.3,1136346.1,203421.7,212168.4,211857.8,201288.5,125335.0,483482.0,430221.8,62398.5,65189.9,65099.0,61832.6,38199.8,149049.1,132233.2,400046.9,433586.0,433583.7,402981.1,76385.5,1235652.5,819833.4,328851.9,358916.5,358916.7,332425.3,53050.4,1052945.8,669183.3,371036.8,405851.8,405854.2,375556.3,57084.4,1199473.5,752796.1,43696.2,47812.5,47813.3,44215.4,6605.2,142039.6,88537.1,1874.0,1954.5,1954.3,1927.2,1665.3,2641.4,2584.7,1934135.6,1976283.6,1976498.0,1978262.3,2104028.3,1917795.6,1928034.9,178.43%,37.85%,37.84%,32.76%,21.31%,25.75%,29.81%,410.66%,49.45%,49.44%,44.30%,31.31%,33.70%,30.75%,215.83%,63.52%,63.47%,58.83%,58.22%,46.73%,40.29%,101.77%,55.35%,55.33%,42.49%,27.09%,28.34%,42.71%,109.81%,60.79%,60.78%,48.76%,56.86%,30.86%,48.18%,117.19%,61.95%,61.94%,49.75%,84.81%,32.53%,49.47%,164.98%,65.49%,65.48%,56.08%,144.89%,32.81%,49.34%,93.93%,53.26%,49.76%,43.60%,61.61%,41.11%,31.03%,97.37%,57.06%,51.76%,45.83%,58.15%,45.16%,30.99%,94.18%,51.66%,48.52%,41.20%,51.94%,34.99%,27.63%,93.94%,51.37%,48.50%,41.13%,50.90%,34.66%,27.47%,95.04%,54.03%,54.02%,41.18%,22.29%,25.40%,40.71%,96.26%,57.54%,57.53%,44.23%,23.30%,28.67%,45.37%,96.65%,58.82%,58.81%,45.45%,24.74%,30.04%,47.03%,97.14%,59.46%,59.45%,46.02%,26.42%,30.52%,47.79%,32.56%,19.65%,19.62%,18.05%,15.81%,20.42%,19.65%,33.78%,31.46%,31.45%,31.40%,27.26%,32.81%,32.84%,280790.6,306736.2,306748.9,302977.6,194511.8,656481.4,538012.4,349265.1,382418.6,382424.4,376243.4,210168.4,961819.7,818163.6,765.6,847.4,847.3,830.9,545.3,2059.2,1767.4,79298.3,88895.1,88896.6,87140.5,19785.9,275389.8,178865.3,3372.2,3845.9,3846.3,3754.0,654.3,12388.5,7522.8,1272.7,1441.7,1441.8,1407.1,315.0,4652.2,2819.9,784.1,896.9,897.0,874.1,187.3,2739.1,1738.0,746456.0,781157.7,781116.4,770362.6,668448.1,1991713.4,1718247.6,447080.0,471723.6,471660.1,464524.4,380187.5,1119972.3,1027189.8,170165.4,181929.4,181914.5,178836.0,120689.1,465650.1,390559.2,52313.4,56051.1,56047.8,55092.8,37068.9,143116.3,120439.8,335917.5,375277.9,375284.4,368180.8,81134.9,1136210.8,757539.8,271419.3,306519.5,306529.4,299868.4,54167.0,973865.4,605364.9,304197.7,344438.4,344467.9,337014.6,56250.8,1113420.8,677342.3,35703.0,40468.4,40469.0,39594.9,6546.9,131929.0,79345.6,1809.5,1853.1,1853.0,1843.6,1651.9,2561.0,2470.7,1929760.3,1948012.3,1948136.8,1950380.8,2147582.3,1888838.3,1905307.3,561178.1,126819.6,126806.3,105596.6,42496.3,170942.0,164243.2,2045655.9,216656.4,216620.1,185451.7,71128.3,317061.6,260209.8,2039.6,613.2,612.6,540.5,330.8,1003.6,764.5,97667.5,57420.6,57402.2,40962.3,5284.6,83867.2,83524.5,4620.6,2740.3,2739.9,2036.0,414.8,4075.8,4022.8,1840.4,1046.0,1045.9,777.3,270.0,1619.8,1550.2,1565.0,663.4,663.3,527.4,284.7,955.5,929.1,865567.4,509084.1,474841.0,397334.1,438898.9,842132.9,595279.1,523499.6,316148.9,286208.5,242334.4,235769.3,527860.3,352121.3,191578.0,109603.6,102784.3,82922.6,65099.2,169161.2,118888.9,58616.0,33487.0,31575.0,25431.4,19443.8,51655.8,36320.9,380199.8,234287.7,234217.3,165955.1,17027.9,313839.1,333720.6,316565.6,206532.8,206483.2,147025.4,12361.3,301887.3,303619.5,358622.2,238724.9,238672.3,170687.0,14125.4,360330.8,354008.3,42446.9,28431.1,28425.5,20349.6,1745.1,43357.3,42312.2,610.3,384.0,383.4,347.9,263.2,539.5,507.9,653382.9,621749.5,621578.1,621252.0,573559.3,629200.3,633112.0
